delta,s0,s1
0.14974158280933642,0.2905899468166414,0.4403315296259778
0.11537558725412383,0.2974255968027521,0.41280118405687594
0.16398181527881317,0.28260923159911855,0.4465910468779317
0.12919085665094948,0.3162790698875399,0.4454699265384894
0.15243027087051553,0.2790234550447474,0.43145372591526293
0.15922582198441632,0.28208855720257253,0.44131437918698885
0.18791008769091805,0.2743542162398955,0.4622643039308135
0.16231250080760057,0.29402834701136676,0.45634084781896733
0.1917544489975106,0.27845883922272474,0.47021328822023534
0.06805739281049417,0.30885924638841394,0.3769166391989081
0.08484252294950967,0.3377148995588349,0.42255742250834455
0.19924867620084014,0.27494688334196876,0.4741955595428089
0.1787844582420915,0.2699552672032166,0.4487397254453081
0.1469085702586045,0.28642803739132516,0.43333660764992965
0.10746771936877247,0.31343915650187654,0.420906875870649
0.16808183979671043,0.2861332774184679,0.4542151172151783
0.12758474759894595,0.3030122344290057,0.43059698202795166
0.15343523296808592,0.2984977137712619,0.4519329467393478
0.18080923209959776,0.2790146628044718,0.45982389490406955
0.1261072866217468,0.28790555938408363,0.41401284600583044
0.1807185241877033,0.2572485001372515,0.43796702432495477
0.16715292746383753,0.26936709009090076,0.4365200175547383
0.13519079726446015,0.30633082352265495,0.4415216207871151
0.11603458746821838,0.3061923129540267,0.4222269004222451
0.1629665315532396,0.29726387387329406,0.46023040542653365
0.24638113175588666,0.25982015471552783,0.5062012864714145
0.15290412447785556,0.31909067867299906,0.4719948031508546
0.12581530322173085,0.28406704547738537,0.4098823486991162
0.13980071692901547,0.2801475645219039,0.4199482814509194
0.06962021927758444,0.32180406643193427,0.3914242857095187
0.1744490861710304,0.2880525085709146,0.46250159474194497
0.164939693548098,0.27637006388996876,0.4413097574380668
0.09291969971324948,0.3149357593890935,0.407855459102343
0.17137370973064892,0.3019722339914543,0.4733459437221032
0.1818946920283821,0.26218856260543333,0.4440832546338154
0.13300952334935506,0.3201625576082397,0.45317208095759476
0.1667766137826514,0.27177280410317844,0.43854941788582985
0.2053628227745798,0.26034204044073245,0.46570486321531224
0.1577928761364964,0.27497534332145307,0.43276821945794947
0.17229608789640294,0.2633603931152158,0.43565648101161875
0.17794970176806774,0.26210810667537127,0.440057808443439
0.13748876930501053,0.2881783988970199,0.42566716820203043
0.1729955238917354,0.24818328097525355,0.42117880486698894
0.1743125151313062,0.29573693130056516,0.47004944643187135
0.19575527972667828,0.2603421575151538,0.4560974372418321
0.21044655054668848,0.28973549695698386,0.5001820475036723
0.1465081792488056,0.29288606878691925,0.43939424803572485
0.11996405758335327,0.34888782641161525,0.4688518839949685
0.14635645280439719,0.2662283469800347,0.4125847997844319
0.14030934199790318,0.3105150005314011,0.45082434252930426
0.14786353193044505,0.2682853949323366,0.41614892686278165
0.1731476140782467,0.25466140931397035,0.42780902339221705
0.1694951990531502,0.2823240035672513,0.4518192026204015
0.12047711285504442,0.29608306493401176,0.4165601777890562
0.16722014994571527,0.269886667438035,0.4371068173837503
0.13163452171511053,0.3052277761688086,0.4368622978839191
0.14402267582040856,0.25103207607980893,0.3950547519002175
0.19340210334426516,0.2810909334456259,0.4744930367898911
0.15741265031948543,0.2696443651381541,0.4270570154576395
0.19990867549270536,0.2792710112673822,0.47917968676008754
0.18669206835508356,0.26519234633027283,0.4518844146853564
0.10643433624754445,0.2971678796072688,0.40360221585481326
0.15179607504763576,0.27164047701689803,0.4234365520645338
0.1896784571712809,0.26399940140785405,0.45367785857913495
0.22540010704969177,0.26573861823340533,0.4911387252830971
0.194312208216738,0.27710954654617725,0.47142175476291526
0.07425996941738516,0.32496198744039645,0.3992219568577816
0.1330771649535301,0.2893531486835525,0.4224303136370826
0.17224450804869446,0.264687479721285,0.43693198776997944
0.18109408181589942,0.2568517947216864,0.4379458765375858
0.2038105798936361,0.2710584237751525,0.4748690036687886
0.16868446984552266,0.2816118283843804,0.4502962982299031
0.1064428528458804,0.34336047694214594,0.44980332978802634
0.148500928819582,0.3022613519641736,0.4507622807837556
0.14829237157659508,0.29849098203083096,0.44678335360742605
0.11934167401709544,0.31750993747103723,0.4368516114881327
0.11511045401004266,0.30666775009249764,0.4217782041025403
0.20006045335888364,0.23804758426707587,0.4381080376259595
0.0864544858138146,0.30890183505917634,0.39535632087299094
0.13232883475492885,0.300963607154638,0.43329244190956684
0.17359987206842126,0.2826260838164237,0.45622595588484494
0.17450780158938925,0.24643384095188822,0.42094164254127747
0.22218263358124213,0.2620986349617277,0.4842812685429698
0.1699061937558955,0.3025171232307873,0.4724233169866828
0.1631368882752241,0.294936515805097,0.4580734040803211
0.16867932476255054,0.28977213374627175,0.4584514585088223
0.17247560186255317,0.29867687649506147,0.47115247835761465
0.1563099031640388,0.31817050683137027,0.4744804099954091
0.16568282320848549,0.26275731131949426,0.42844013452797974
0.1638442137263152,0.26381529446172114,0.42765950818803633
0.11708587054931718,0.31301261307500633,0.4300984836243235
0.2004641521397586,0.26445370526958073,0.46491785740933933
0.19178645185690757,0.24375109757043367,0.43553754942734124
0.1311438801986135,0.303608680615625,0.4347525608142385
0.16596289047683654,0.31577331694777466,0.4817362074246112
0.15928539904657246,0.25803028474483714,0.4173156837914096
0.1716099738525238,0.28346563580426487,0.45507560965678867
0.18962144469455927,0.2389416968088257,0.428563141503385
0.16648887880388605,0.24723916618367084,0.4137280449875569
0.10058154482459625,0.3298622755176116,0.43044382034220785
0.12523925865489083,0.30955719380365077,0.4347964524585416
0.1530864776476637,0.2830726921864396,0.4361591698341033
0.14235681403553607,0.2635069058416887,0.40586371987722475
0.21689416455353944,0.27377276701539255,0.490666931568932
0.12459454741105985,0.27211794035998116,0.396712487771041
0.14538130881669414,0.2894065382488267,0.4347878470655208
0.14576789215027125,0.2935406556113047,0.43930854776157596
0.15563406426409326,0.29837882559907786,0.4540128898631711
0.19586076316438977,0.26116823287141555,0.4570289960358053
0.172774477265206,0.2735350502427923,0.4463095275079983
0.16310646960041164,0.26998243493843405,0.4330889045388457
0.13241107623335235,0.29176912237753,0.42418019861088235
0.17092123399747272,0.3011331416354897,0.47205437563296243
0.08070294718274862,0.32485490421643387,0.4055578513991825
0.15329874618818684,0.285597326840705,0.43889607302889183
0.1144034975005685,0.30204252500514217,0.41644602250571067
0.1973114188824998,0.27472139972575393,0.47203281860825375
0.16481489297599416,0.29919846544579626,0.4640133584217904
0.13928521949717415,0.3002469479907177,0.43953216748789187
0.0884835466277808,0.29293577098015816,0.38141931760793896
0.10775953518664733,0.30619752887506924,0.41395706406171656
0.18297498983893135,0.2674255358934456,0.45040052573237693
0.14561731756964302,0.3175472325702149,0.4631645501398579
0.15405106888127817,0.26758117757805727,0.42163224645933545
0.16642332755685474,0.25876861312990806,0.4251919406867628
0.18944027281613846,0.2636680139598568,0.45310828677599524
0.1876101501507117,0.25610394409218906,0.44371409424290076
0.17696938834307918,0.26991674460322396,0.44688613294630314
0.16105324513876695,0.28539261599391164,0.4464458611326786
0.17379383824630174,0.28965753897558755,0.4634513772218893
0.11500131982447526,0.2797271269596608,0.39472844678413604
0.16123062170577668,0.27491951768069134,0.436150139386468
0.12904316007977373,0.26966479224143625,0.39870795232121
0.12751144604497688,0.3176763170000816,0.44518776304505847
0.1729906898609151,0.28225475195230654,0.45524544181322163
0.15682293741998804,0.2664369273619053,0.4232598647818933
0.14320272985678156,0.28700024389945555,0.4302029737562371
0.14528289247954024,0.29512725326742084,0.4404101457469611
0.18332647139121538,0.25858100816688695,0.44190747955810233
0.143830725197568,0.2888013883487162,0.4326321135462842
0.14642741702894363,0.2941573939801183,0.44058481100906194
0.12450228725826223,0.2985428543049687,0.4230451415632309
0.19562268598973614,0.2851928266766176,0.48081551266635375
0.10858011306271931,0.29471178625459843,0.40329189931731774
0.1858242729696718,0.2672438067185625,0.4530680796882343
0.18351411212978996,0.282078794477917,0.46559290660770697
0.17138636945466418,0.2730717226730659,0.4444580921277301
0.17193026539014916,0.2659256263931299,0.43785589178327905
0.1298748425028624,0.2713791296246258,0.4012539721274882
0.22776749901338642,0.2428671553774602,0.4706346543908466
0.16588596231064423,0.2882233689366271,0.4541093312472713
0.17110590279632404,0.26826695206481743,0.43937285486114147
0.10558718935285971,0.30593504123417004,0.41152223058702975
0.16779850335518814,0.2628117455423449,0.430610248897533
0.14115808712003797,0.31256576178336565,0.4537238489034036
0.1567295399606975,0.27402295240300273,0.4307524923637002
0.09879555838957993,0.308989714593924,0.4077852729835039
0.11283775828789372,0.30167943369977795,0.4145171919876717
0.1693008776097909,0.29465074431821,0.4639516219280009
0.0839783943865865,0.31635198058177927,0.40033037496836577
0.19050324435074162,0.25986049052144783,0.45036373487218945
0.1514371886849485,0.27898328247106685,0.43042047115601534
0.13934049279364902,0.2840907602165936,0.4234312530102426
0.1750261369450133,0.26885410951333477,0.44388024645834806
0.18676333276825302,0.2679669730998859,0.4547303058681389
0.1667126006611901,0.27680224789643876,0.44351484855762885
0.12685879537030526,0.27755228750636085,0.4044110828766661
0.17254843936746933,0.2635054013127205,0.4360538406801898
0.1738489757667503,0.2690606723292567,0.44290964809600697
0.15984816830095772,0.2804749076186066,0.4403230759195643
0.16295303866843963,0.275054793108871,0.4380078317773106
0.14618565805289724,0.2960494735972404,0.4422351316501376
0.19152588141239352,0.2829844524667886,0.4745103338791821
0.14396130327527912,0.28002626867284636,0.4239875719481255
0.18657311627630963,0.26211400966186066,0.4486871259381703
0.2194942570692066,0.25976497781819524,0.47925923488740185
0.12318269856991221,0.2748218443561002,0.3980045429260124
0.14430019792155457,0.2691238296729596,0.4134240275945142
0.13166134821027775,0.26330604737302393,0.3949673955833017
0.1635248707522075,0.30213117724377764,0.46565604799598515
0.113766374000556,0.3087708120035877,0.4225371860041437
0.18190977579205986,0.2459572404751994,0.42786701626725926
0.14038196005757986,0.28961260022977214,0.429994560287352
0.1386001556044525,0.2917603975646846,0.4303605531691371
0.11261930296402939,0.3109772598053563,0.4235965627693857
0.19211528832246627,0.24576080715915172,0.437876095481618
0.16909543189610976,0.2869162264191135,0.4560116583152233
0.19367872227600225,0.2691566431896502,0.46283536546565246
0.17825539850938493,0.2775086820650763,0.4557640805744612
0.20631435374146095,0.26641814649917794,0.4727325002406389
0.1677057601587592,0.27816104546157777,0.445866805620337
0.16003688858010057,0.28457771193090114,0.4446146005110017
0.07591848813897495,0.29680376391369306,0.372722252052668
0.14296287051737777,0.29185828470445613,0.4348211552218339
0.0822120610884084,0.3632583972545316,0.44547045834293997
0.09232039999299324,0.32108364679165174,0.413404046784645
0.16238440341515886,0.26228894657930873,0.4246733499944676
0.1925724890289734,0.28767458981491917,0.48024707884389256
0.163768902145409,0.29472787097532394,0.45849677312073295
0.17630794745943723,0.28380707072858735,0.4601150181880246
0.20466933338062587,0.2841663876342191,0.48883572101484496
0.21642603688879897,0.25163458120352156,0.4680606180923205
0.1387729842902497,0.2758520251201128,0.4146250094103625
0.13921802429294428,0.2756542039641887,0.414872228257133
0.16041286372586028,0.29331060752539573,0.453723471251256
0.09975508857299697,0.3075349960586155,0.4072900846316125
0.15395645530093122,0.2753030477233059,0.4292595030242371
0.1943073265283864,0.2577409860526347,0.4520483125810211
0.14794390367068055,0.2748936744447211,0.4228375781154017
0.19491392878974056,0.2700356891993333,0.46494961798907386
0.10591773431043194,0.35654183217837654,0.4624595664888085
0.16497965570191864,0.2602719166890982,0.42525157239101685
0.17286107937551137,0.2959478043461858,0.46880888372169716
0.15933008250202313,0.2903240215953095,0.44965410409733264
0.15128966689886736,0.3016972759570528,0.45298694285592017
0.1294878435365352,0.3203024059661787,0.4497902495027139
0.15446334482691165,0.2982501645120986,0.4527135093390103
0.15535049808813456,0.296343639900548,0.4516941379886826
0.15055718983863686,0.2860817678813348,0.4366389577199717
0.20407081756217382,0.2621434086381391,0.46621422620031294
0.15452734124606787,0.3021187857095337,0.4566461269556016
0.1434077848859226,0.29048534631894346,0.43389313120486606
0.20629648495793862,0.2733471297749298,0.47964361473286843
0.10918928997119143,0.29708315801377927,0.4062724479849707
0.17453448479162192,0.26102749767305644,0.43556198246467837
0.12764759769380907,0.2926774501341519,0.420325047827961
0.15860797970912172,0.26444125740893576,0.4230492371180575
0.15112262941729315,0.28062844276651616,0.4317510721838093
0.15296634632486744,0.2803209907500631,0.43328733707493056
0.12745937426755355,0.27511437364779473,0.4025737479153483
0.15543525803334174,0.25708771197929103,0.4125229700126328
0.13727270863126967,0.2878392084860722,0.42511191711734186
0.16643454408680092,0.2740444458095688,0.44047898989636974
0.19601681199904197,0.24308866791263073,0.4391054799116727
0.1303244651986964,0.27434197328803356,0.40466643848672995
0.11310267218979125,0.29837923042313996,0.4114819026129312
0.19718179645287998,0.25378690770438833,0.4509687041572683
0.19817138472470436,0.2567290189688299,0.45490040369353424
0.23345701129220672,0.22925374390644862,0.46271075519865534
0.15633958658959024,0.25341272845781854,0.4097523150474088
0.19583209848143673,0.2819430222435825,0.4777751207250192
0.18775160195079388,0.26784006647704317,0.45559166842783705
0.14900904178368723,0.26477635834332985,0.4137854001270171
0.1411812850354487,0.30170870775666797,0.44288999279211666
0.0869913178120848,0.3033533617486664,0.3903446795607512
0.2260222229666735,0.271283304735711,0.4973055277023845
0.21372764964632396,0.27355954667748067,0.48728719632380463
0.1119525432471834,0.3073311422913854,0.4192836855385688
0.1915499359214266,0.26668691407026635,0.45823684999169295
0.14015846142470578,0.2937837297944312,0.43394219121913696
0.1848665987086976,0.27902792356892875,0.46389452227762634
0.15944471533826304,0.28565211871017404,0.4450968340484371
0.09336163822989263,0.30626095975377954,0.39962259798367217
0.14550612381493394,0.29946039803758917,0.4449665218525231
0.13827578309280142,0.30395501197916175,0.44223079507196317
0.13384878004996115,0.295083911281939,0.42893269133190015
0.17004791352430648,0.29981839361628376,0.46986630714059024
0.16658613950410334,0.2769779776748377,0.44356411717894106
0.1723189678042431,0.26824296927300195,0.44056193707724506
0.16425012603346073,0.29180307364828345,0.4560531996817442
0.22421932624698582,0.2532017042680458,0.4774210305150316
0.12880899174037136,0.2809004151821736,0.409709406922545
0.18991320904305548,0.26108037487527025,0.4509935839183257
0.11774662084730719,0.28890826548159765,0.40665488632890484
0.20367831163584538,0.2809129259688573,0.4845912376047027
0.17779549060546218,0.258069475165737,0.43586496577119915
0.13031679154708703,0.28288854729305457,0.4132053388401416
0.13224827337577566,0.31349655012320055,0.4457448234989762
0.19828250270788267,0.2894972757302168,0.48777977843809944
0.1356097470331154,0.27585538939506743,0.41146513642818283
0.19239567976434419,0.2856979342965713,0.4780936140609155
0.16334977701377845,0.2700126154732704,0.43336239248704883
0.17644355584020244,0.2809575015833451,0.45740105742354753
0.13486197964813462,0.2935833521961805,0.4284453318443151
0.10481653195488128,0.33150497297199183,0.4363215049268731
0.09836739089664076,0.30752784735057354,0.4058952382472143
0.17106842002999234,0.26244139953186485,0.4335098195618572
0.11669950665452544,0.2745507054981963,0.39125021215272177
0.14570162604583287,0.27159512320865997,0.41729674925449284
0.16790820373017007,0.2979275489461139,0.46583575267628397
0.07707799792582803,0.3586641579466325,0.4357421558724605
0.14096032671352948,0.2818454161369008,0.42280574285043027
0.15657710065158703,0.3120667272739974,0.46864382792558446
0.1788798900743933,0.24844070966513843,0.42732059973953174
0.1577425700894518,0.3089846909770584,0.4667272610665102
0.09065998589623253,0.30643243164321926,0.3970924175394518
0.18223544787110718,0.3180300059821896,0.5002654538532968
0.14220553716686746,0.31446507550757824,0.4566706126744457
0.1602292829963971,0.3046121425896565,0.4648414255860536
0.1415339017251594,0.2745409280968103,0.4160748298219697
0.126236895510126,0.3176987950569024,0.4439356905670284
0.154662572290791,0.2796320422215765,0.4342946145123675
0.20136616515092964,0.2721343873389376,0.4735005524898672
0.14497742440570244,0.27980038923206035,0.4247778136377628
0.17200720363811128,0.2708569262279392,0.4428641298660505
0.19230433796071073,0.2679712158407497,0.4602755538014604
0.1820361448249479,0.23688438216962016,0.41892052699456805
0.07787145016413,0.3177168112443072,0.39558826140843717
0.2098408990249715,0.2736324239829817,0.4834733230079532
0.22701936704185552,0.24652296267169918,0.4735423297135547
0.1498737755004908,0.2857318250746505,0.4356056005751413
0.1291424076634855,0.3035010677471563,0.4326434754106418
0.20771473235566001,0.2571484427241191,0.4648631750797791
0.19021203234419237,0.2725376250380646,0.462749657382257
0.13406945600474274,0.32014269254675976,0.4542121485515025
0.1634176101284549,0.2740491027974947,0.43746671292594963
0.2137873563016114,0.24466149535875076,0.45844885166036214
0.11690549886549156,0.2956794723500492,0.4125849712155408
0.11617050823224656,0.34800572487114384,0.4641762331033904
0.13709437186042012,0.30649931660874336,0.44359368846916347
0.1257866832603191,0.31941537040078083,0.44520205366109994
0.16944183263279744,0.2776718723000234,0.4471137049328208
0.1374028921948076,0.2547310806522744,0.392133972847082
0.12808020815967075,0.2976685184667096,0.42574872662638036
0.12689937180587357,0.3228024150225141,0.4497017868283877
0.14473024592157135,0.30678221129812094,0.4515124572196923
0.1267932925644309,0.293153537854129,0.4199468304185599
0.11263222896349684,0.303269437800714,0.41590166676421086
0.17425712402319438,0.2724857364138932,0.44674286043708755
0.19720559456954073,0.2935597542638053,0.49076534883334605
0.1363802629342475,0.28738397096647095,0.42376423390071843
0.1369100202130527,0.2995135320344872,0.4364235522475399
0.16162390156793643,0.30997626976250786,0.4716001713304443
0.17498792438860328,0.2859563810534057,0.460944305442009
0.13704102322056944,0.304201693242759,0.4412427164633284
0.15252161737061604,0.280182092886946,0.43270371025756205
0.17409925838279539,0.2800697540943959,0.45416901247719127
0.17596771783927462,0.2648011592927124,0.44076887713198704
0.17046914411581787,0.25618009778127454,0.4266492418970924
0.19801429845626967,0.26090319993479916,0.4589174983910688
0.16791886328474864,0.29971309467223495,0.4676319579569836
0.17456575103258937,0.2698136054626836,0.444379356495273
0.13635550522477363,0.2921339836924955,0.4284894889172691
0.16747621859189443,0.2843669902095746,0.45184320880146905
0.16849311825953006,0.28168949860627257,0.45018261686580263
0.16239619601337962,0.3032576937080091,0.4656538897213887
0.10137775860688247,0.3249344059701901,0.42631216457707255
0.11797676334043683,0.3227981754127849,0.4407749387532217
0.09175419530731094,0.32522690021945827,0.4169810955267692
0.17596428442273698,0.2870715916059399,0.4630358760286769
0.12333150365660012,0.29721412019094257,0.4205456238475427
0.21419753288444673,0.24787569685809738,0.4620732297425441
0.14255753917246988,0.2979794630888121,0.440537002261282
0.17518279350440863,0.2755047972818296,0.4506875907862382
0.16654980726417407,0.26247509379836287,0.42902490106253693
0.14129187684978367,0.29348933165121494,0.4347812085009986
0.2239043047670806,0.24363192975636486,0.46753623452344545
0.2056296500278102,0.27245908062428803,0.4780887306520982
0.1995718337375837,0.28087044750405743,0.4804422812416411
0.12924229689203898,0.3164432390167476,0.44568553590878657
0.18655742815547077,0.2518087632307687,0.43836619138623945
0.1940499512106204,0.2578585375086844,0.45190848871930483
0.12950053364613356,0.3041151239801159,0.4336156576262495
0.1508781383922197,0.2525771764929483,0.403455314885168
0.1427812083114205,0.31462580984896804,0.45740701816038853
0.14524217809276618,0.30210602987621327,0.44734820796897945
0.15291667995773905,0.2847624104144084,0.4376790903721475
0.17366127296092027,0.23682490664249356,0.4104861796034138
0.1294135354770598,0.2819471642900858,0.4113606997671456
0.11175599226153954,0.30635440604645275,0.4181103983079923
0.16571861558750253,0.24633281543402566,0.4120514310215282
0.17690643752721918,0.2726106649955494,0.4495171025227686
0.1539113614525599,0.2723755905924209,0.4262869520449808
0.14445257932712352,0.2951629886556474,0.4396155679827709
0.18485367331139085,0.24600335438522508,0.43085702769661594
0.13336033923089785,0.3117771125056376,0.44513745173653546
0.14157807268367495,0.3170038339389343,0.4585819066226092
0.18385377409252085,0.2659481896021304,0.44980196369465125
0.12865370686568695,0.30881223236529387,0.4374659392309808
0.1496369721818453,0.2961879133085815,0.4458248854904268
0.20261151259479532,0.2835319769872694,0.4861434895820647
0.1339461349749388,0.2809816117051219,0.4149277466800607
0.12838844561482549,0.29503978175744955,0.42342822737227503
0.11572526894423424,0.32972146724080437,0.4454467361850386
0.16180893942308539,0.2805413748229732,0.4423503142460586
0.1044284219046645,0.3036041668052661,0.4080325887099306
0.14148162262649527,0.2933911125840236,0.4348727352105189
0.1518195407759374,0.3000579749689611,0.4518775157448985
0.2003014011295075,0.2586968791018222,0.4589982802313297
0.11777053855850106,0.2984759771473245,0.41624651570582555
0.1764936323073372,0.23817563256584004,0.41466926487317723
0.17663093361027216,0.27287666734667326,0.4495076009569454
0.16311138786358237,0.288214047516613,0.45132543538019537
0.13970467488988303,0.28813952527359077,0.4278442001634738
0.1604215210858141,0.2946562647614228,0.4550777858472369
0.170658220130939,0.2649362904374538,0.4355945105683928
0.1573398318004855,0.3113071402416915,0.468646972042177
0.153236595540715,0.29563859515075064,0.44887519069146564
0.11489061303703774,0.30147534998333025,0.416365963020368
0.17345946263931716,0.2786997469147163,0.45215920955403344
0.17361673990705195,0.28020365650125645,0.4538203964083084
0.17942222851928114,0.29171430615377464,0.4711365346730558
0.15962049634088965,0.3142269109516009,0.47384740729249053
0.13974488192812906,0.28438235869013384,0.4241272406182629
0.1182101178042943,0.301455732475858,0.4196658502801523
0.0738955624118659,0.31593757302603137,0.38983313543789727
0.16133654476504417,0.2683115103058076,0.42964805507085174
0.1984893985618303,0.2774129216952356,0.4759023202570659
0.2286792261159057,0.25366055461269243,0.4823397807285981
0.17529724496160698,0.2559070867071391,0.43120433166874605
0.13643447620344668,0.29901566207813296,0.43545013828157964
0.20927996550562591,0.2491403200515768,0.4584202855572027
0.1417056734510308,0.3003383890098117,0.4420440624608425
0.1541318261801311,0.26664674291644663,0.42077856909657774
0.19131485841452717,0.25903072210725764,0.4503455805217848
0.16062352075870956,0.2766005486766698,0.43722406943537934
0.19557237455845827,0.27524848304822874,0.470820857606687
0.11655945566770565,0.2938559390209029,0.41041539468860855
0.15317186634564628,0.28515760307369525,0.43832946941934153
0.11550407905136006,0.2790070491776661,0.3945111282290262
0.1877089596642914,0.2845530876575495,0.4722620473218409
0.1234570947671661,0.3258074572294769,0.449264551996643
0.09909445274930334,0.3222140595977077,0.42130851234701105
0.14059262935313593,0.2983673012285261,0.43895993058166205
0.17198073696325972,0.2805133908471644,0.45249412781042414
0.1887870801373177,0.28293007855342966,0.4717171586907474
0.10608191966410857,0.3289543362928761,0.4350362559569847
0.18436422978046885,0.28044131513500314,0.464805544915472
0.17299702813911538,0.27275479774413836,0.44575182588325374
0.15430487584023445,0.29304469954110324,0.4473495753813377
0.17192840698283018,0.2750799799991228,0.447008386981953
0.15493503677701115,0.25295549220005953,0.4078905289770707
0.08267855662070261,0.30452858287375595,0.38720713949445856
0.174281235544873,0.2379538188675275,0.4122350544124005
0.2028296511752209,0.2863284365983871,0.489158087773608
0.1387760103407648,0.28859086375444243,0.42736687409520724
0.15613534041362553,0.2574113996285759,0.41354674004220143
0.172890341463171,0.2745544985394726,0.4474448400026436
0.15402013803494297,0.3062830472224566,0.46030318525739955
0.1264346246880435,0.28599433314491046,0.41242895783295397
0.21038674474910007,0.2661351457454065,0.47652189049450655
0.1615887212812916,0.25868294673994663,0.4202716680212382
0.09989658189671818,0.31740491114156527,0.41730149303828346
0.15865749487289332,0.29748609545347,0.4561435903263633
0.19333849237848755,0.27738515061795527,0.4707236429964428
0.17103253560448206,0.2585718358268217,0.42960437143130376
0.1534406519563662,0.2883810929107141,0.4418217448670803
0.11656530875705651,0.3026287346698025,0.419194043426859
0.20042131613227177,0.25062029650395534,0.4510416126362271
0.1387673820223158,0.30274323599851544,0.44151061802083125
0.13918130012872287,0.3156519557889889,0.4548332559177118
0.143787591677204,0.32277012002390965,0.46655771170111365
0.15069293307421672,0.28274841823826274,0.43344135131247946
0.12574106998971507,0.3258287119417758,0.4515697819314909
0.12833479688434235,0.30822678347331334,0.4365615803576557
0.13714670954282276,0.32995419479537746,0.46710090433820023
0.13625509266106095,0.3064570133021072,0.4427121059631681
0.15027745938224968,0.30931646736422425,0.4595939267464739
0.08946981402268078,0.30989649693819954,0.3993663109608803
0.14748897285185059,0.2772514847556717,0.42474045760752227
0.12608541943558477,0.2938369258701081,0.4199223453056929
0.11049839567732522,0.29879834611812545,0.40929674179545067
0.11322227073476726,0.3133600431736161,0.42658231390838336
0.14027558221386016,0.3128846621232644,0.45316024433712454
0.12327332452305245,0.28263426740176406,0.4059075919248165
0.18283469892283866,0.2806640592655071,0.46349875818834574
0.14025311532083595,0.293581502503938,0.43383461782477395
0.12888606795435342,0.2828106670968686,0.411696735051222
0.17878227283356268,0.2670863790400901,0.44586865187365277
0.19300942177885472,0.26695179079771253,0.45996121257656725
0.20925697757547324,0.280969082965041,0.4902260605405142
0.141654828502502,0.2931408007359364,0.4347956292384384
0.15444986757578566,0.2869798735108672,0.44142974108665284
0.13092403598256702,0.29201493852030874,0.42293897450287576
0.15756201237694234,0.3040224837534869,0.46158449613042923
0.14865747110389432,0.30057635309464115,0.44923382419853547
0.18619633134298286,0.298055655446983,0.48425198678996584
0.15579264703241374,0.269241419714216,0.42503406674662975
0.14831581456716825,0.3053496921694691,0.45366550673663736
0.17056318258986075,0.3076725270013745,0.47823570959123524
0.1723221450631079,0.2635244609638918,0.4358466060269997
0.17498985068857176,0.2656259985483356,0.44061584923690733
0.18158795795734956,0.272001929525885,0.45358988748323453
0.150801746945032,0.280139888080704,0.430941635025736
0.17525583164893638,0.250656856868373,0.4259126885173094
0.18171256654978374,0.2914878047653976,0.47320037131518133
0.1368357038772382,0.31217217031004796,0.44900787418728616
0.08747519036903373,0.31732203373525986,0.4047972241042936
0.13948732799051955,0.2822473025834291,0.42173463057394867
0.18973298020985702,0.2770466618781712,0.4667796420880282
0.14540819032673918,0.25821169576795583,0.403619886094695
0.17786551085771274,0.27539351732604306,0.4532590281837558
0.1997576083813322,0.24947623016576617,0.44923383854709836
0.15381891988827423,0.28121023196924266,0.4350291518575169
0.17961134272030177,0.2602370244854867,0.43984836720578846
0.10809982321710782,0.32203584716476086,0.4301356703818687
0.14600119163581604,0.3016636374946621,0.4476648291304781
0.18929177182147255,0.26754623077328155,0.4568380025947541
0.15286279026698474,0.2933585023746847,0.44622129264166943
0.1088444270504606,0.29755892693035946,0.40640335398082006
0.12916135326881034,0.29119593117852166,0.420357284447332
0.11292489587800092,0.2993660653161299,0.41229096119413083
0.2180069171970146,0.252388610145463,0.4703955273424776
0.1698797439817284,0.3213537327997353,0.4912334767814637
0.15482584789036458,0.2761353899947368,0.4309612378851014
0.13583226023493272,0.2697229761359651,0.4055552363708978
0.185258483438067,0.28289122542175626,0.46814970885982327
0.14520610137538303,0.2610411489354858,0.40624725031086883
0.22004901880532163,0.2730887549809273,0.4931377737862489
0.11419581807180218,0.295000441421517,0.40919625949331917
0.13294646078787636,0.2950634001062279,0.42800986089410425
0.1686800776516592,0.2924737536266057,0.4611538312782649
0.1732240273375325,0.3030019672541268,0.4762259945916593
0.14194638195989412,0.2799046751840747,0.4218510571439688
0.16139289497483228,0.2903954190676235,0.4517883140424558
0.12312344564827582,0.29661630515540865,0.4197397508036845
0.13756582065847717,0.2798449863457063,0.4174108070041835
0.19105712621536217,0.24794954749273293,0.4390066737080951
0.1079282324869904,0.33713216261819906,0.44506039510518947
0.15466185085385914,0.2557774372591746,0.41043928811303376
0.13023358745397562,0.27420067044745805,0.40443425790143367
0.23027509532605783,0.24369756500734835,0.4739726603334062
0.201032969175149,0.2639381248963201,0.46497109407146914
0.15984244850646345,0.2659667295376386,0.42580917804410207
0.1796384495672046,0.2937340318417821,0.4733724814089867
0.15771961099702841,0.28292928628910147,0.4406488972861299
0.1711453868126685,0.2632743831121957,0.4344197699248642
0.16403279713241525,0.2671414722265117,0.43117426935892694
0.16368363794140328,0.28543916376849676,0.44912280170990004
0.14311508301080067,0.29965811320465613,0.4427731962154568
0.1679141979263667,0.2871624355139547,0.4550766334403214
0.14291354395103945,0.3012529817676176,0.44416652571865706
0.11818543919383462,0.3191396521407322,0.4373250913345668
0.15934620612232114,0.3151608651243053,0.47450707124662644
0.12450729414772876,0.30114389136071823,0.425651185508447
0.1853900945912481,0.28914473877005725,0.47453483336130536
0.17224182539571575,0.26493240921345,0.43717423460916577
0.1418814377780318,0.285643324073436,0.4275247618514678
0.19727128394056664,0.2839449443959983,0.48121622833656497
0.22891193242161745,0.2703601456615208,0.4992720780831382
0.131415645475065,0.31571962134444614,0.44713526681951116
0.16882055794052064,0.23367002728535918,0.4024905852258798
0.16629385167053945,0.2831141465531397,0.44940799822367916
0.15759923701554363,0.2952415565035763,0.45284079351911993
0.1803479101296372,0.2558500697937135,0.4361979799233507
0.15321278981698755,0.2989018075014643,0.4521145973184518
0.14974962113221396,0.3086622995664682,0.45841192069868214
0.13976798736720186,0.3362844778314293,0.47605246519863115
0.08154995951364963,0.32309287449000135,0.404642834003651
0.14088884210166097,0.2911640729482129,0.43205291504987386
0.14558809067254602,0.29185792618296186,0.4374460168555079
0.11648053933541275,0.2898144250594035,0.40629496439481627
0.09557817197405138,0.3001727875676608,0.3957509595417122
0.1855052545184927,0.2759839308433183,0.461489185361811
0.1815917759801966,0.2761810301312072,0.4577728061114038
0.1527392212326601,0.29278471457148303,0.4455239358041431
0.14854678300335528,0.2972662300095289,0.4458130130128842
0.15622758066018338,0.26117920411936757,0.41740678477955095
0.11164991333452157,0.33494059500377793,0.4465905083382995
0.12297332131247052,0.31613382071346785,0.43910714202593837
0.22021848432631957,0.24039312675287972,0.4606116110791993
0.15994044044298206,0.2920666216491733,0.45200706209215535
0.1463261105509963,0.3052566513227512,0.4515827618737475
0.12154177627177654,0.31616120444353807,0.4377029807153146
0.17427426093988652,0.2697983034044767,0.4440725643443632
0.18199239680179585,0.2696571142602625,0.45164951106205836
0.15376987756388122,0.28182609004098647,0.4355959676048677
0.1870342291570769,0.2669141748381348,0.4539484039952117
0.19684078602826316,0.26311759331160334,0.4599583793398665
0.1651836325489784,0.27014933484448156,0.43533296739345995
0.15737101779119833,0.28860856645879074,0.44597958424998907
0.2063167051933834,0.2634609490692761,0.4697776542626595
0.190846017960751,0.26825660924494965,0.45910262720570066
0.14939251894269806,0.3211363454007155,0.47052886434341357
0.17126134309107516,0.24880038003268062,0.4200617231237558
0.13756812961386222,0.28347663547145624,0.42104476508531846
0.13076278140387942,0.2921054699462068,0.4228682513500862
0.16454907399921048,0.2956101541443799,0.4601592281435904
0.19356082457748014,0.28884790762172674,0.4824087321992069
0.13944638909724028,0.30713777897762234,0.4465841680748626
0.21424059285701708,0.2653279981601385,0.4795685910171556
0.21756068173202958,0.27271073113143895,0.49027141286346854
0.20157071603822607,0.2845562661240908,0.48612698216231687
0.13775933887413228,0.2931548193300617,0.430914158204194
0.14996931468436647,0.28641352785204227,0.43638284253640874
0.15978497069963427,0.29609325069308784,0.4558782213927221
0.13372090242310375,0.3125568667483888,0.44627776917149253
0.10751655200116728,0.3128431535588885,0.42035970556005575
0.1484033210990311,0.2994829470944056,0.4478862681934367
0.12768920676670814,0.31793689263993974,0.4456260994066479
0.18568430610985925,0.2785295198857089,0.46421382599556815
0.09631731223993772,0.301016608906462,0.3973339211463997
0.17341500284942535,0.2974495447991883,0.47086454764861363
0.1216174274549831,0.3072331177862635,0.4288505452412466
0.20356652326356178,0.28634343963478864,0.4899099628983504
0.1445675154572567,0.29027183096788584,0.43483934642514255
0.1614741554656524,0.2873123901633079,0.4487865456289603
0.16496808774404098,0.2787020550324793,0.4436701427765203
0.18303905799181097,0.2901728786672709,0.47321193665908184
0.1750233193303018,0.283938520992131,0.4589618403224328
0.09062620942412086,0.2958978980179399,0.3865241074420608
0.14579740970081861,0.29302015468436327,0.4388175643851819
0.2065970195641491,0.26232767426475334,0.46892469382890245
0.15730770800291682,0.29527001798524466,0.4525777259881615
0.1554575581682449,0.2859128639919817,0.4413704221602266
0.15406004444594845,0.29375053140086277,0.4478105758468112
0.13794181975244113,0.2995278314777408,0.43746965123018194
0.1246725701289374,0.30292168584179846,0.42759425597073586
0.17993941363229193,0.2830904704460137,0.46302988407830564
0.17875275773105725,0.26802892950314117,0.4467816872341984
0.1238853982692214,0.2990080013883015,0.42289339965752293
0.11430047382998304,0.30724939332074375,0.4215498671507268
0.1488695217376827,0.27325782712683533,0.422127348864518
0.11818951211976453,0.29748062984978846,0.415670141969553
0.14935372584172052,0.3108907159186596,0.4602444417603801
0.1351895240128756,0.3126697987969778,0.4478593228098534
0.15798572973709674,0.30871279850477645,0.4666985282418732
0.18041006147203653,0.27551958901300133,0.45592965048503786
0.20848521684367377,0.25801699886153256,0.46650221570520634
0.21290312969601982,0.2582772274733682,0.471180357169388
0.14221279997357206,0.29271178549942,0.43492458547299206
0.20569256567449923,0.26176872646665134,0.46746129214115056
0.2302795214659164,0.27536957772546417,0.5056490991913806
0.1709617806702115,0.26085359290472854,0.43181537357494004
0.2252552478538063,0.24705451787777943,0.47230976573158573
0.16144824936706603,0.278125338762844,0.43957358812991004
0.1904520892950674,0.25842582908877926,0.44887791838384666
0.16828943045886624,0.269347868885208,0.43763729934407425
0.10958412772514492,0.2978239262588823,0.40740805398402724
0.15045546230435758,0.29019487365732255,0.44065033596168013
0.20678375684540645,0.2876620062734487,0.49444576311885513
0.14011266162359026,0.26991860558972725,0.4100312672133175
0.13133998009971848,0.3001913037447635,0.43153128384448197
0.19604895124973626,0.2768546338376452,0.47290358508738145
0.20371510486275707,0.28862518093544776,0.4923402857982048
0.17300797348273406,0.28847127641378373,0.4614792498965178
0.14381158369937913,0.27963215767155936,0.4234437413709385
0.16267546445663789,0.26923524333532767,0.43191070779196555
0.22326369142595595,0.22482824741720123,0.4480919388431572
0.16741796608193543,0.28954091062533605,0.4569588767072715
0.10130815581607333,0.31359467741942426,0.4149028332354976
0.16439720992119758,0.24695900399830914,0.4113562139195067
0.14701141264147372,0.28824628910075384,0.43525770174222755
0.18584973759365192,0.27690861351511764,0.46275835110876956
0.17288852000299854,0.2782886268506568,0.45117714685365534
0.18130392821414976,0.2647280767861469,0.44603200500029666
0.20480356182453502,0.2667722715210173,0.4715758333455523
0.11605404790910967,0.29512802547931377,0.41118207338842344
0.169721642319829,0.24709618435030983,0.41681782667013884
0.16076898121961303,0.2895700036614568,0.4503389848810698
0.1665201021369116,0.2936998436603661,0.4602199457972777
0.11729839876674769,0.28875469043642327,0.40605308920317096
0.17328669452029805,0.27633185643238145,0.4496185509526795
0.173271850286641,0.2770813937736762,0.4503532440603172
0.14980915684960533,0.28524804957582284,0.43505720642542817
0.09404817459687626,0.31525028635131064,0.4092984609481869
0.2085232070855566,0.26364554476748786,0.47216875185304447
0.14287356313117872,0.2809079784402411,0.42378154157141984
0.19665998247708183,0.26617001745968266,0.4628299999367645
0.18680430594239134,0.2487063909711585,0.4355106969135498
0.14134237887618678,0.2576839354846771,0.3990263143608639
0.15495469990133864,0.2965008068334496,0.45145550673478824
0.15916277553199054,0.2563656751252128,0.41552845065720334
0.17318588265531315,0.2907945804253112,0.46398046308062435
0.16784205258178453,0.29101869217481613,0.45886074475660066
0.18788637282213388,0.2726124553699259,0.4604988281920598
0.1345940622112572,0.3028295708751924,0.4374236330864496
0.11080338442039167,0.31089713767111127,0.42170052209150294
0.12228833620445057,0.295364532480484,0.41765286868493456
0.08360666603395073,0.31380756673985954,0.39741423277381027
0.22206261248537962,0.26027316472322887,0.4823357772086085
0.17663744439337453,0.26987248145951087,0.4465099258528854
0.15604535623145438,0.2891307903282532,0.44517614655970755
0.10612860000138652,0.302315453382768,0.4084440533841545
0.1281779139657533,0.27513943344440467,0.40331734741015796
0.21574793278109927,0.2784908321467779,0.49423876492787716
0.16164479588140396,0.32256837097044055,0.4842131668518445
0.2312000230371557,0.28760668356724683,0.5188067066044025
0.1470198806407041,0.3146473643212658,0.46166724496196987
0.1624958920088468,0.26677602377990445,0.42927191578875123
0.15189569743793963,0.2755009304567289,0.42739662789466853
0.16146381786420144,0.26061737564651555,0.422081193510717
0.20617588887716454,0.2818268558845494,0.48800274476171396
0.14345698166363524,0.3034340242710646,0.4468910059346998
0.1379586269750081,0.27702148116156794,0.41498010813657604
0.16108564958758564,0.2721163709668683,0.43320202055445395
0.18098585293594166,0.25515334423526054,0.4361391971712022
0.15199982168214143,0.2784260374546773,0.43042585913681874
0.13838377833258358,0.3211875587203078,0.4595713370528914
0.1644902534697013,0.29515343446000314,0.45964368792970445
0.0845464443939643,0.32967317974439697,0.4142196241383613
0.13355795041266172,0.31983614898341944,0.45339409939608116
0.14953826748492988,0.26343082178016586,0.41296908926509573
0.16550639369274261,0.28535268873855807,0.4508590824313007
0.1582666963149339,0.26274808159357466,0.42101477790850855
0.13015482806113443,0.2753961075896473,0.4055509356507817
0.14732842280464842,0.29931243325782525,0.44664085606247367
0.19664762159967614,0.26805806658228043,0.46470568818195657
0.2255391456207319,0.26544294061058293,0.49098208623131484
0.09597406932357905,0.30911289833212674,0.4050869676557058
0.18206122681819603,0.292552050607981,0.47461327742617704
0.16750699557110454,0.2753518356320866,0.44285883120319114
0.16342844002590823,0.24737604460420154,0.41080448463010977
0.16194820761222262,0.2769580130375363,0.4389062206497589
0.1704629506036368,0.28445166465393384,0.45491461525757065
0.17847993060743572,0.26462643720826245,0.4431063678156982
0.16354774627275742,0.29319844010899654,0.45674618638175396
0.16841923677101367,0.2633713841133877,0.43179062088440134
0.12006938764490471,0.26844249657765035,0.38851188422255506
0.2484901965491555,0.2245633194723673,0.4730535160215228
0.15126305542616852,0.28485805749990734,0.43612111292607586
0.1472612701077604,0.29739111447856875,0.44465238458632916
0.1845442277659614,0.2815247096756838,0.46606893744164524
0.13092457919849942,0.33297859031281063,0.46390316951131005
0.20845426080525298,0.2595358132314226,0.4679900740366756
0.19096330250440813,0.28919630320601997,0.4801596057104281
0.12685213580360932,0.30281667631019676,0.4296688121138061
0.12796971822703324,0.2966494525350521,0.42461917076208533
0.15353197956489673,0.3136639632317784,0.46719594279667515
0.17948862470547866,0.2911380155857671,0.47062664029124573
0.14308277149530435,0.2872316107668943,0.43031438226219865
0.12251061768855165,0.31279239263112274,0.4353030103196744
0.15662090582685728,0.2786423998471508,0.43526330567400806
0.1322345313970576,0.28724518738202254,0.41947971877908014
0.17221858631045012,0.2953529199549941,0.4675715062654442
0.17569354690142963,0.2767734997687306,0.45246704667016024
0.17175568811337305,0.2925860575734227,0.46434174568679576
0.15655451706701812,0.30808819012134053,0.46464270718835865
0.11707067426012563,0.2803234619302781,0.3973941361904037
0.13404409074298762,0.2735217368110027,0.40756582755399035
0.17534840409765567,0.25128873990663764,0.4266371440042933
0.18843197315085508,0.26137507831383505,0.44980705146469013
0.18469975363117336,0.28450686853037516,0.4692066221615485
0.14029329578105726,0.28335847985403734,0.4236517756350946
0.11960933533498774,0.2831653011103537,0.40277463644534145
0.15386081280249492,0.30089816819453624,0.45475898099703116
0.17145132814423464,0.26538823529740413,0.43683956344163877
0.13632185721663254,0.31239133052852935,0.4487131877451619
0.1764260149986277,0.26420676636553597,0.4406327813641637
0.10585408945997504,0.3220797766173586,0.42793386607733364
0.13035371034583587,0.2848760195555094,0.41522972990134527
0.1470323960061582,0.26102906640214085,0.40806146240829905
0.14052976093676584,0.29368530075221755,0.4342150616889834
0.15022534743914562,0.3087517231940859,0.4589770706332315
0.16300754226349606,0.31128911239329615,0.4742966546567922
0.1771160590710092,0.25164294400304965,0.42875900307405884
0.12255728312722769,0.3024080772211262,0.4249653603483539
0.17214653453329215,0.26757101332368705,0.4397175478569792
0.1097974179271336,0.2792769758049028,0.3890743937320364
0.10725209347240572,0.2828050519896016,0.3900571454620073
0.18208194653480742,0.2777866392341676,0.459868585768975
0.14946411770814966,0.2867288544993427,0.43619297220749237
0.153993409271796,0.309271919913335,0.463265329185131
0.1301319324918322,0.32848192560673206,0.45861385809856425
0.20786250668520845,0.2549557532947185,0.4628182599799269
0.16558192589671727,0.28337721565775226,0.44895914155446953
0.1693080797985944,0.32172382957247164,0.49103190937106606
0.1922115276003855,0.27957585188406747,0.471787379484453
0.14837469968579264,0.26905043850985466,0.4174251381956473
0.13904753172932655,0.29070655815998325,0.4297540898893098
0.17738729090865812,0.2624288779738099,0.43981616888246805
0.18444466185528158,0.26643120065837245,0.450875862513654
0.17079333235162997,0.2735235382090385,0.4443168705606685
0.17750624028563355,0.26723144957706463,0.4447376898626982
0.21513042365315593,0.2578172350346787,0.4729476586878346
0.14670842422009678,0.27050023531450745,0.41720865953460423
0.12768089404424415,0.28933331510123494,0.4170142091454791
0.10532469677967599,0.3036982564660873,0.40902295324576327
0.13640946561186018,0.2877624444565193,0.42417191006837945
0.1498314545544993,0.300208147278942,0.4500396018334413
0.1856288997949107,0.2622617232164133,0.447890623011324
0.1848136779350173,0.24685938574652994,0.43167306368154723
0.21933502490555362,0.2665016785625364,0.48583670346809005
0.1705426779915531,0.266770331642429,0.4373130096339821
0.2017733235088306,0.2715329224360323,0.47330624594486287
0.19129361128755124,0.2686902236720994,0.4599838349596506
0.20106649322012837,0.251894706713858,0.45296119993398637
0.11869505283356685,0.3043425054425072,0.42303755827607403
0.11044127390783459,0.2979741842451207,0.40841545815295527
0.06976190128402465,0.33395532523754173,0.4037172265215664
0.11134619662694212,0.32062721614694284,0.43197341277388496
0.16136215501684503,0.27361348824631776,0.4349756432631628
0.15575692942718083,0.2808660529823178,0.43662298240949865
0.16089523230940322,0.2529509349230018,0.413846167232405
0.1819886092712802,0.29427257220042075,0.47626118147170093
0.11170849310977177,0.2957154865608811,0.40742397967065286
0.1434993392576674,0.2501445708789654,0.3936439101366328
0.10151265520570829,0.33414789244466886,0.43566054765037715
0.1779449011622634,0.28460784552587826,0.46255274668814167
0.18030049163487355,0.2901229487055981,0.4704234403404717
0.09512443138187016,0.307662284304297,0.40278671568616714
0.15248710151162126,0.29523528584893116,0.4477223873605524
0.16063054083791334,0.2719056001240056,0.43253614096191895
0.10796983417079031,0.28040638958988123,0.38837622376067155
0.16499926392654046,0.27767594835563797,0.44267521228217843
0.11494545545054113,0.3066411530357935,0.4215866084863346
0.11653371207501878,0.30868868470865324,0.425222396783672
0.17996015309162494,0.2788847160389139,0.45884486913053885
0.1378831543254011,0.30246178629660986,0.44034494062201096
0.13469941079642372,0.31527385690867016,0.4499732677050939
0.16045380391648928,0.27495082373631746,0.43540462765280674
0.11036970723289868,0.33083620840303823,0.4412059156359369
0.1635934943034108,0.26978807760671575,0.43338157191012655
0.13250721900764573,0.25366881598668806,0.3861760349943338
0.1210592942478822,0.3139657135760644,0.4350250078239466
0.17554450005743927,0.29643187176032765,0.4719763718177669
0.2229303153399362,0.2448362021745624,0.4677665175144986
0.1578697352259944,0.25700534874162523,0.41487508396761963
0.12413180441225119,0.29446491556619536,0.41859671997844655
0.19409567214461831,0.27176395147971355,0.46585962362433186
0.1512288256219222,0.28011680686190205,0.43134563248382424
0.1575553812406461,0.29743636471176504,0.45499174595241115
0.16600082089636597,0.2957074091059318,0.46170823000229777
0.11439767171355097,0.3047059487994711,0.4191036205130221
0.14657178522089426,0.2913559706490985,0.4379277558699928
0.17565866214935544,0.2833652078954518,0.4590238700448072
0.13255242978177367,0.30923681112143764,0.4417892409032113
0.1539897153229038,0.296026041743309,0.4500157570662128
0.12198090581518173,0.3075706881158098,0.4295515939309915
0.15738900126338656,0.3004212525656878,0.45781025382907437
0.14638316430543163,0.2909746062357451,0.43735777054117675
0.11000283365159153,0.32303256049017365,0.4330353941417652
0.1342489434985183,0.32248281380303934,0.45673175730155763
0.11674241469595326,0.2952943698623811,0.41203678455833437
0.17536440430737707,0.24623450680125739,0.42159891110863446
0.18737110075330882,0.2738199820800113,0.4611910828333201
0.1671438559186677,0.3032996759957436,0.4704435319144113
0.17818439567668332,0.2550985213817788,0.4332829170584621
0.18738160576032153,0.24560631083773327,0.4329879165980548
0.1564678472822983,0.2885241739473131,0.4449920212296114
0.16344896411194598,0.28771491062408105,0.45116387473602704
0.17790290775291429,0.26580262152910117,0.44370552928201545
0.20727028683119172,0.24115323217518644,0.44842351900637817
0.20081454972985152,0.27110029494641547,0.471914844676267
0.11824000969520193,0.2970267081130732,0.4152667178082751
0.17295338562865858,0.25169515151262145,0.42464853714128004
0.15530488073566923,0.29670684596307323,0.45201172669874246
0.19148912971483423,0.2687298283296623,0.46021895804449653
0.20375397655868194,0.27477177831651334,0.4785257548751953
0.11247847781214043,0.2973901963170209,0.40986867412916134
0.12248596925718747,0.300763882103727,0.4232498513609145
0.13213401583785783,0.31694069075918774,0.44907470659704557
0.11370112629992085,0.31053628553774393,0.4242374118376648
0.16121700058669208,0.2725998665866152,0.4338168671733073
0.181874959953867,0.2737582808540404,0.4556332408079074
0.18032092069933475,0.28225887752633017,0.4625797982256649
0.17589276724346659,0.2569691557954509,0.43286192303891746
0.1019236482242527,0.3221107643733944,0.4240344125976471
0.14401433713893735,0.2898190849966376,0.43383342213557496
0.23207387802959323,0.22958156828932874,0.46165544631892197
0.22399921385125107,0.2425763952837626,0.46657560913501367
0.13203437628267306,0.3246323657692643,0.45666674205193736
0.13119999936043958,0.2859605436140304,0.41716054297446997
0.15462832063098947,0.28774743382419715,0.4423757544551866
0.2157448223875072,0.24213331385459508,0.4578781362421023
0.20636210578546127,0.2894100832430684,0.49577218902852965
0.21837206812026017,0.2815072417172361,0.4998793098374963
0.1384341555916258,0.2775848933362464,0.4160190489278722
0.1732077646177922,0.24550627409612613,0.4187140387139183
0.21059609209067937,0.28376259238456697,0.49435868447524633
0.1488168599525681,0.270250009221243,0.4190668691738111
0.1926274405360984,0.22740981899342075,0.42003725952951915
0.15357862563673252,0.26512619277324756,0.4187048184099801
0.13737547049435928,0.29171990246599044,0.4290953729603497
0.1541528872095645,0.2960221156900114,0.4501750028995759
0.17486842755788146,0.29427463648856483,0.4691430640464463
0.13804403937520482,0.2846364582937679,0.4226804976689727
0.15481706165863934,0.28707502910094884,0.4418920907595882
0.15919386402000646,0.2880502956222819,0.44724415964228836
0.12812751968483982,0.28104911001899535,0.40917662970383517
0.13925294326548138,0.30562662791116146,0.44487957117664284
0.10928495370621139,0.30788317800213,0.4171681317083414
0.16219749661311433,0.30273316532161754,0.46493066193473187
0.11147762297442898,0.3128747411708091,0.4243523641452381
0.18043135006345684,0.2963744144056069,0.47680576446906375
0.21538019220984644,0.26453267717865314,0.4799128693884996
0.09726353289728784,0.3002874492705514,0.39755098216783924
0.10647203303379643,0.3119920022563823,0.4184640352901787
0.14339614765106534,0.2815408758800266,0.4249370235310919
0.09871813806131685,0.27606034262843565,0.3747784806897525
0.16831828385117065,0.2689258159540255,0.43724409980519613
0.17874626600206572,0.26191685830595296,0.4406631243080187
0.2119691451533824,0.27974366306905646,0.49171280822243885
0.13642666785153418,0.2762990462425492,0.4127257140940834
0.08960800872056773,0.3441911603079122,0.4337991690284799
0.1483474505821843,0.2853283332020827,0.43367578378426697
0.218754551653637,0.2618876437260578,0.48064219537969477
0.16340539066719773,0.2812770275834425,0.4446824182506402
0.19879421970283984,0.2681801335325493,0.46697435323538916
0.16143971462146273,0.3033036737024424,0.4647433883239051
0.1407260629420401,0.27350314402985204,0.41422920697189214
0.16516088296214543,0.30325632679843423,0.46841720976057966
0.15914250293961274,0.258247525988943,0.41739002892855576
0.18126895838741033,0.24737908279610368,0.428648041183514
0.14080205737562523,0.28694281105236596,0.4277448684279912
0.15155657948230677,0.2882809833628128,0.4398375628451196
0.182138720257226,0.2709963551182788,0.4531350753755048
0.1631823464868512,0.32027576894979864,0.48345811543664985
0.19382874994132293,0.27621095935686196,0.4700397092981849
0.17443831490041695,0.2823747912186016,0.45681310611901854
0.1352593880812175,0.25011582827957146,0.385375216360789
0.19110335547525215,0.2753063890564453,0.4664097445316974
0.11307415550986832,0.3091349168994859,0.42220907240935424
0.11462767966345994,0.287394471816445,0.40202215147990494
0.13655790859685196,0.28595606487452024,0.4225139734713722
0.19054537074387368,0.2633431411475974,0.45388851189147106
0.18468973393521082,0.28366975776608855,0.46835949170129937
0.09260788589024982,0.28433021621647814,0.37693810210672796
0.19868224872422696,0.25381272357804185,0.4524949723022688
0.18624449414215505,0.262923525496989,0.44916801963914404
0.13648806553677623,0.30982618660330696,0.4463142521400832
0.11593154518280496,0.27908788181729854,0.3950194270001035
0.15148868779940666,0.2687768043635267,0.42026549216293335
0.19009512434202577,0.23570163487898063,0.4257967592210064
0.2031701837969458,0.2535001252453703,0.4566703090423161
0.11092290705946284,0.3278420326043606,0.43876493966382346
0.1546294882552366,0.2614243697265545,0.41605385798179106
0.10838355040733255,0.2994000733078116,0.40778362371514415
0.15729142864217371,0.2714739201604505,0.42876534880262424
0.12340177874261982,0.3043480112231991,0.4277497899658189
0.062491672382469776,0.35003592590792737,0.41252759829039715
0.17404616792331906,0.2544262268007603,0.4284723947240794
0.11929255634957436,0.28416659420081997,0.40345915055039433
0.17555941946827275,0.2607384621351387,0.43629788160341143
0.14732515801630014,0.28849130844060017,0.4358164664569003
0.1423610968527163,0.2918669852645335,0.4342280821172498
0.1815449755863063,0.2494354357269715,0.4309804113132778
0.13660524195866758,0.28071524371860845,0.41732048567727603
0.18376109969587573,0.2834540273102198,0.4672151270060955
0.17009414484637309,0.27797130090847566,0.44806544575484875
0.11643134076786688,0.30387576328336435,0.42030710405123123
0.14537572109538588,0.2955537684765853,0.4409294895719712
0.11785898218892293,0.30558024152674557,0.4234392237156685
0.20693593587356812,0.2686882693335046,0.4756242052070727
0.15791191823197331,0.28535065351918515,0.44326257175115846
0.20672646564236735,0.25733972724552173,0.4640661928878891
0.1566262555876211,0.2823762069669738,0.4390024625545949
0.12833506735512146,0.3016221437116672,0.42995721106678864
0.21031547678257312,0.2684284111033316,0.4787438878859047
0.19118732697876112,0.2651988087515512,0.45638613573031234
0.16722803100143246,0.2878955953446675,0.4551236263461
0.20727640262272534,0.27843950249741484,0.4857159051201402
0.11775452727545588,0.3142856384917411,0.432040165767197
0.13827085653260573,0.27663119007867376,0.4149020466112795
0.18634249673840053,0.29403186640256124,0.48037436314096177
0.1883003214256,0.25995168743399727,0.44825200885959726
0.18927024745013238,0.26613507894938876,0.45540532639952114
0.14936254595082432,0.28838900066581996,0.4377515466166443
0.09752049215035019,0.3316578077465842,0.4291782998969344
0.10541223448438874,0.30807909110418935,0.4134913255885781
0.1604555903784307,0.2707047990833314,0.4311603894617621
0.13723560125632517,0.3310318339208297,0.46826743517715486
0.16245738339809623,0.2717264624464235,0.43418384584451974
0.13512995207643907,0.2879283512277141,0.42305830330415317
0.1745988528307244,0.2675662779109579,0.4421651307416823
0.0900480809520059,0.32841920572591543,0.4184672866779213
0.11128296518101499,0.33339662782498747,0.44467959300600246
0.144940109715039,0.26148247044218204,0.40642258015722105
0.1831167634308839,0.2765746406632075,0.4596914040940914
0.18405283040224907,0.264778919297547,0.44883174969979606
0.08783798655235298,0.30564951262524975,0.39348749917760273
0.20578032340771796,0.25177371087067846,0.4575540342783964
0.13816349121667015,0.29391969662443385,0.432083187841104
0.1372270149848448,0.29372122512261534,0.43094824010746013
0.12974913019946843,0.3011793639583002,0.4309284941577686
0.13121081076621077,0.31713236319298027,0.44834317395919104
0.18486260964868556,0.2802456182955069,0.4651082279441925
0.14497194217791887,0.2699478063823541,0.41491974856027297
0.1311868627356087,0.2926861570098435,0.4238730197454522
0.18259287030149746,0.2757986376941107,0.4583915079956082
0.10760730009853609,0.3064499994210069,0.414057299519543
0.17862735448549022,0.26146159487176557,0.4400889493572558
0.14178110156941082,0.3040994961623973,0.4458805977318081
0.15729865305816432,0.30372856941929594,0.46102722247746025
0.13457658797156496,0.3171991985820553,0.4517757865536203
0.1701595111504186,0.25920757354442786,0.42936708469484647
0.17760429944196598,0.2717346216081974,0.4493389210501634
0.18286118008972635,0.27501931244458,0.45788049253430635
0.18747408846928576,0.27040425777405647,0.4578783462433422
0.20136718167464407,0.26853288689809507,0.46990006857273914
0.17145737934118976,0.2620183590193606,0.43347573836055037
0.17479439444440187,0.2837080316773702,0.45850242612177206
0.13364590571033075,0.3087659410396166,0.4424118467499473
0.13322117949537488,0.3017717052517412,0.43499288474711606
0.1694342094766771,0.309027973634111,0.4784621831107881
0.16386489341710075,0.2790498018154315,0.44291469523253224
0.18659571537173508,0.2679957233349113,0.45459143870664637
0.1957394276501523,0.302546217210717,0.4982856448608693
0.18250619106804145,0.3065780158361614,0.48908420690420285
0.14685034310335993,0.2602466437545346,0.4070969868578945
0.17008194960296846,0.27374573180337713,0.4438276814063456
0.13650011354813324,0.3020832044355853,0.4385833179837185
0.14946060100441488,0.29068720353879235,0.44014780454320723
0.1766447921576344,0.2596994966314528,0.4363442887890872
0.14470533436502775,0.25086745491517487,0.3955727892802026
0.1777347403254378,0.26043651470445844,0.43817125502989623
0.18263439593697628,0.29258714881156517,0.47522154474854145
0.2041746282255288,0.2542946240485292,0.458469252274058
0.19359900887476705,0.2780545230771573,0.47165353195192433
0.1774635099701844,0.2756612137747651,0.4531247237449495
0.14456714451538522,0.28947794889473805,0.43404509341012326
0.10677901405591306,0.31760022996650017,0.4243792440224132
0.12446074604442137,0.3056252071849901,0.43008595322941146
0.1503688528473957,0.2686517526371755,0.4190206054845712
0.18822934197932106,0.2651931604004921,0.4534225023798132
0.1681779964911133,0.27898448345737614,0.44716247994848946
0.07535416977901138,0.34658396629879457,0.42193813607780595
0.15191263016647089,0.26516311138964166,0.41707574155611254
0.17013748565860082,0.27657790819028216,0.446715393848883
0.12958631901373047,0.2990043682290741,0.4285906872428046
0.1438177053538468,0.306777972090933,0.4505956774447798
0.18283583935926512,0.28953528869091455,0.47237112805017967
0.15495518124233032,0.25183115273457446,0.4067863339769048
0.13309975852043504,0.2744306506029082,0.40753040912334326
0.1908842067954219,0.252994733612526,0.4438789404079479
0.1308201829447747,0.3159544972411366,0.4467746801859113
0.16511053282595733,0.28694930653971806,0.4520598393656754
0.17721848965691966,0.2619684299744476,0.43918691963136725
0.17915716780528462,0.275949853282587,0.4551070210878716
0.1301837950319663,0.3086851985211778,0.4388689935531441
0.1547014738819676,0.2678515515014371,0.42255302538340467
0.17979741393853688,0.25921541160300243,0.4390128255415393
0.17152466516790854,0.2612336161750567,0.43275828134296523
0.09408523026048798,0.32719779147710554,0.4212830217375935
0.18464539607005415,0.26021716741160433,0.4448625634816585
0.0971058670557115,0.31481891995571154,0.41192478701142304
0.13976760927191728,0.29310889771257204,0.4328765069844893
0.1885215062015959,0.28813538388728155,0.47665689008887746
0.19582910068189474,0.25952334641853375,0.4553524471004285
0.15348918041268106,0.2725538299444619,0.426043010357143
0.1324576365008538,0.29868516834417863,0.4311428048450324
0.18205571725537295,0.26561008470605546,0.4476658019614284
0.13612684809364994,0.322929671268714,0.45905651936236397
0.18270461750801348,0.2933847679685435,0.476089385476557
0.16741132983991774,0.26373332338243827,0.431144653222356
0.2165043180396023,0.2740919036990296,0.4905962217386319
0.1658281377274447,0.2811718404415944,0.4469999781690391
0.17082324354237066,0.24822048319889273,0.4190437267412634
0.2064808428032009,0.2607660419409612,0.4672468847441621
0.13245171271230655,0.26773688660293277,0.4001885993152393
0.1567023226044415,0.2868051316774805,0.443507454281922
0.15830676285203032,0.28779090608925434,0.44609766894128466
0.15682032829150916,0.2894970956781793,0.44631742396968843
0.16599858903600206,0.2572059722204002,0.42320456125640227
0.11967867643983815,0.31556532002620835,0.4352439964660465
0.15443510940039967,0.28497849382292506,0.43941360322332473
0.1608234476505187,0.2984639347878472,0.4592873824383659
0.13363573836185777,0.2942112194398725,0.42784695780173027
0.1687580105086049,0.2766020037545689,0.4453600142631738
0.14012304955020027,0.30397175699076806,0.44409480654096833
0.10937518408996133,0.32985204682848995,0.4392272309184513
0.14902058918134864,0.29227700779744914,0.4412975969787978
0.17699391790361718,0.26197015298934667,0.43896407089296385
0.19402596795344562,0.2589786754683484,0.45300464342179403
0.16573947008039486,0.26156747932696245,0.4273069494073573
0.1698769501707832,0.28018757730261395,0.45006452747339715
0.18815652705738295,0.2926849887095847,0.48084151576696765
0.16967370147232635,0.28883480211673773,0.4585085035890641
0.18766712299667465,0.25013729116806244,0.4378044141647371
0.16972431386422326,0.285651002143648,0.4553753160078713
0.16685751552273093,0.25049941550737587,0.4173569310301068
0.1931416300784483,0.26651074352838544,0.45965237360683375
0.1335997326886963,0.2888854386880616,0.4224851713767579
0.11954214402364222,0.2838405386747026,0.4033826826983448
0.184927188278882,0.262327230652862,0.447254418931744
0.2104259673660559,0.25221416722074824,0.46264013458680414
0.15666368719270668,0.27766266552744673,0.4343263527201534
0.16661529275880266,0.27878448123847194,0.4453997739972746
0.18446036600499705,0.2826639076645761,0.46712427366957315
0.23233038914305842,0.25170160563023875,0.48403199477329717
0.1395705484964443,0.30841186339351107,0.44798241188995536
0.1759172802249323,0.2595206457431556,0.4354379259680879
0.11054109953462088,0.2844103490565737,0.3949514485911946
0.18565383044823777,0.24838199277803805,0.4340358232262758
0.2202350918644986,0.2488514700747684,0.469086561939267
0.14766520352139662,0.29236031590251643,0.44002551942391305
0.10277194286150726,0.31174868891963414,0.4145206317811414
0.11616736053696591,0.33040587865859267,0.4465732391955586
0.2226810137408278,0.24839177575900043,0.4710727894998282
0.21085830160318142,0.23196052173013898,0.4428188233333204
0.19194065080499106,0.2898394376716395,0.48178008847663056
0.17382533847977183,0.28346071480221213,0.45728605328198396
0.1851384975533814,0.27692392731307836,0.46206242486645976
0.13353257830290438,0.3045719349767317,0.43810451327963607
0.1370336873962339,0.31898785860041734,0.45602154599665123
0.17265705029232092,0.27351922223786457,0.4461762725301855
0.1244859852053955,0.3027655722585401,0.4272515574639356
0.1277514020373669,0.3184822008028348,0.4462336028402017
0.18138081576853937,0.27192583269469084,0.4533066484632302
0.15399974854290926,0.29615348735459424,0.4501532358975035
0.16984158533551963,0.2695183615660635,0.43935994690158314
0.1053850877317642,0.32367292443741913,0.4290580121691833
0.16990502978830357,0.24561809071803287,0.41552312050633644
0.11154509927916684,0.3093914451565843,0.4209365444357511
0.14336951816348936,0.29395754730694695,0.4373270654704363
0.1655655174136612,0.2731933474245259,0.4387588648381871
0.19222388742061483,0.246108079183915,0.43833196660452983
0.19656220758288417,0.26771401141639867,0.46427621899928284
0.2106538827430361,0.2644630955883012,0.4751169783313373
0.1526741707467627,0.2815950406017689,0.4342692113485316
0.1737649764923695,0.3062223392118408,0.47998731570421027
0.23518373024579303,0.23973843940271822,0.47492216964851125
0.14310957754691067,0.2841915958578317,0.4273011734047424
0.1235487047834336,0.32712158816215914,0.45067029294559274
0.11807343107626883,0.27441456214161675,0.3924879932178856
0.15544031283994908,0.2723462402108778,0.42778655305082686
0.2373757889961843,0.2340829327909452,0.4714587217871295
0.11523575180823276,0.31443369407857025,0.429669445886803
0.10120839386067504,0.31931424478359466,0.4205226386442697
0.17014022626427355,0.27084629312691577,0.4409865193911893
0.1491722371699118,0.27183168883759357,0.42100392600750536
0.16949068645585513,0.28033452103251616,0.4498252074883713
0.11294322119804623,0.3349329201505711,0.4478761413486173
0.1284207250970023,0.2915975080931391,0.4200182331901414
0.15814098003593796,0.29440809658711437,0.4525490766230523
0.14071988645975303,0.28143444369268544,0.4221543301524385
0.14850163152787782,0.29185534449761313,0.44035697602549095
0.09625505198574125,0.2959709382061497,0.39222599019189097
0.16886530613821737,0.26612443065523694,0.4349897367934543
0.08723230825698025,0.3086489303261862,0.39588123858316643
0.22316806037867562,0.24335520601015045,0.4665232663888261
0.1764950110186687,0.2723577480809084,0.4488527590995771
0.09910446654944316,0.3178075719023076,0.41691203845175073
0.17394640975164744,0.2709132035797679,0.4448596133314153
0.20533338689275477,0.3049044318286805,0.5102378187214353
0.11133410337047994,0.3024558726718077,0.4137899760422876
0.194392024853154,0.2816736874264971,0.4760657122796511
0.18371791359560952,0.290388051654295,0.4741059652499045
0.1570329683181787,0.26400949840813687,0.42104246672631557
0.20210280336309544,0.2648554024798924,0.46695820584298786
0.08825695196938016,0.32295927823647763,0.4112162302058578
0.14319049446281912,0.2655110181200913,0.40870151258291043
0.15435884219875823,0.2858649370942116,0.44022377929296985
0.18417724118221074,0.2742967088965287,0.4584739500787394
0.152838377300841,0.3032527347929404,0.4560911120937814
0.15896951807884446,0.2599321802967817,0.4189016983756262
0.1682845437159528,0.2724448942948132,0.44072943801076603
0.13308047974837228,0.3128553566935029,0.4459358364418752
0.12501678461829868,0.2885434129862391,0.41356019760453777
0.14946243912507545,0.2753859070247545,0.42484834614982997
0.14529599864896175,0.2639215732141323,0.40921757186309404
0.1700062158880592,0.25374331913768944,0.42374953502574864
0.162554886388649,0.2813866165711023,0.4439415029597513
0.15028601753223314,0.2699326370459196,0.4202186545781527
0.24234251694376713,0.2573103169945568,0.49965283393832394
0.08900357864808417,0.33497730131617787,0.42398087996426204
0.1676565929514417,0.2772997229139957,0.4449563158654374
0.0709173506289913,0.3471095539069619,0.4180269045359532
0.19430053076057435,0.282177068872365,0.47647759963293934
0.17960809493746194,0.2947016283591121,0.47430972329657406
0.12542277960215004,0.25849805619971217,0.3839208358018622
0.18772762850636238,0.25971426957057847,0.44744189807694085
0.2020674481927185,0.2623057776071889,0.46437322579990736
0.141905140548101,0.2597109239187295,0.4016160644668305
0.1850779601264822,0.2704238766892282,0.4555018368157104
0.1488713667796845,0.29110753881332463,0.4399789055930091
0.18131151490478375,0.2868508616736412,0.46816237657842497
0.14806534724479187,0.29890293304318905,0.4469682802879809
0.12777394463845687,0.2639582542942297,0.39173219893268657
0.2121518645234095,0.27516977275255694,0.48732163727596645
0.11444000135282523,0.30758901999144045,0.4220290213442657
0.13092881825556113,0.3008819551138935,0.4318107733694546
0.15025075010062566,0.2653635473276889,0.41561429742831457
0.17708844747456978,0.24321559902843923,0.420304046503009
0.144500467328529,0.3105938145482881,0.4550942818768171
0.08181545979558841,0.3067905503223759,0.3886060101179643
0.15550208783151592,0.270891532474551,0.4263936203060669
0.14791310475516484,0.29991232849843663,0.44782543325360147
0.129037574767158,0.26729534621979656,0.39633292098695455
0.18391629396203324,0.29012891663711354,0.4740452105991468
0.1734563868906891,0.24701926433615223,0.42047565122684133
0.1398202702515855,0.2832974697824831,0.4231177400340686
0.17105754164053227,0.3000365968158926,0.4710941384564249
0.19954603224913842,0.2968381456225697,0.49638417787170813
0.1544073039739871,0.2920849221742222,0.4464922261482093
0.12738739829443607,0.2732800996415682,0.40066749793600426
0.19923545962656874,0.2640767655565129,0.4633122251830816
0.1319493500570436,0.29733749124878456,0.42928684130582817
0.17285831782818872,0.2599154423701922,0.43277376019838093
0.151147256290941,0.2721584217544481,0.4233056780453891
0.19672276696455815,0.29391219003759816,0.4906349570021563
0.1681261615977318,0.28759348896356296,0.45571965056129476
0.17782579844126756,0.28056522106392473,0.4583910195051923
0.1270797683873709,0.3221980875641645,0.4492778559515354
0.1613931090215559,0.2697378969187845,0.43113100594034043
0.1502154685334125,0.2858288023769597,0.4360442709103722
0.1584776650114772,0.2987809094332543,0.4572585744447315
0.15062937767796464,0.25394550224748236,0.404574879925447
0.1351015829675964,0.3070935927821802,0.44219517574977657
0.15751458074496993,0.26707655434544814,0.42459113509041807
0.159674020359784,0.28842564765904594,0.44809966801882994
0.1099737731771665,0.3350011144630147,0.4449748876401812
0.11996358903232995,0.30316111603657403,0.423124705068904
0.17941235372214898,0.2519172815154686,0.4313296352376176
0.15213395084272202,0.2927352534834954,0.4448692043262174
0.09260080878295573,0.3300215850867682,0.42262239386972394
0.12968026797127336,0.2868998171995884,0.41658008517086176
0.1413419463175129,0.30559905926759745,0.44694100558511035
0.21841154136817875,0.27481355336622076,0.4932250947343995
0.18066538802761,0.2654761089294078,0.4461414969570178
0.18343290312625082,0.2745003127044752,0.45793321583072605
0.1879364423317823,0.24869598210955285,0.43663242444133515
0.11787056880152869,0.29974990366017185,0.41762047246170053
0.1632526689274615,0.25701692202811643,0.4202695909555779
0.14856825738855317,0.29078228542685386,0.43935054281540703
0.10220911047555037,0.30563471463350533,0.4078438251090557
0.14749909935299627,0.2730543799182963,0.42055347927129255
0.10583876479820842,0.3014781206975594,0.40731688549576783
0.13569293566528212,0.2724212667690915,0.40811420243437363
0.07899461363522076,0.31022195135912933,0.3892165649943501
0.22976804548368207,0.2607045457157326,0.49047259119941466
0.15683036198633027,0.2986790494218807,0.455509411408211
0.11987053050168184,0.2963132558660991,0.4161837863677809
0.11895819499446475,0.29374449393925545,0.4127026889337202
0.1361388689530782,0.30216063240501795,0.43829950135809614
0.11700664051828513,0.3064150927128394,0.42342173323112453
0.12294866820801054,0.32596737485181365,0.4489160430598242
0.1599709939242287,0.2824826794973346,0.4424536734215633
0.1864960881009955,0.271784611196925,0.4582806992979205
0.16379511125700846,0.27812620630857887,0.44192131756558733
0.17587543208726464,0.2997783563026439,0.4756537883899085
0.17952362315211895,0.2633673537637188,0.44289097691583773
0.1671228982026562,0.28200980130422304,0.44913269950687923
0.13787405107867007,0.2535254202131933,0.39139947129186337
0.15256594723216904,0.2847311214371624,0.43729706866933143
0.1794642591494648,0.26375248117192635,0.44321674032139113
0.17883291257074785,0.28654120100332325,0.4653741135740711
0.08949196348907718,0.32440992657639256,0.41390189006546974
0.16470227003284843,0.27049566687234566,0.4351979369051941
0.18283424706225454,0.26302875523286734,0.4458630022951219
0.15918855833047352,0.3182733940660266,0.47746195239650013
0.17021841787238634,0.2586556113992443,0.42887402927163065
0.18292764698777564,0.276607277235856,0.4595349242236316
0.16979676625196066,0.2689156105311752,0.43871237678313585
0.2099292188554252,0.28351640877703155,0.49344562763245675
0.16997912627605644,0.2579999298543093,0.42797905613036574
0.12256818624301002,0.32104162649036067,0.4436098127333707
0.0848729744906756,0.30241574235291757,0.3872887168435932
0.1305317337775797,0.27567907219546395,0.40621080597304365
0.17407928812102919,0.28842333300938006,0.46250262113040924
0.1257282454097478,0.28940552701598826,0.41513377242573607
0.18598731605037194,0.2825933829861546,0.46858069903652655
0.22742353540292337,0.24394955795578288,0.47137309335870625
0.13730989548903066,0.30580333404810905,0.4431132295371397
0.17423012453788012,0.24914551265808804,0.42337563719596816
0.12496414175377074,0.29110758720089347,0.4160717289546642
0.18214251197950598,0.2640398418171904,0.4461823537966964
0.17147418039909834,0.287568243635576,0.4590424240346743
0.1718980601634757,0.2831417788229716,0.4550398389864473
0.2106028812527434,0.26757593233747956,0.47817881359022296
0.11462431527123734,0.31760379131798055,0.4322281065892179
0.1947485609455351,0.2607631303240487,0.4555116912695838
0.16238756912187607,0.30605773566290473,0.4684453047847808
0.12666144331788748,0.2987719369753163,0.42543338029320377
0.1156649838005025,0.32226088718675516,0.43792587098725766
0.17197160627938984,0.2846022372877498,0.45657384356713965
0.14491578150989115,0.319062227915744,0.46397800942563516
0.09890086673556209,0.3045472159969919,0.403448082732554
0.18012148336652223,0.26490627626842006,0.4450277596349423
0.13360189624573154,0.2767347243168208,0.4103366205625523
0.16634612508103408,0.2756534162057539,0.441999541286788
0.1327056475985634,0.2678685317866779,0.4005741793852413
0.12183070493242176,0.27397540328109327,0.39580610821351503
0.11532765410099638,0.2625621281178865,0.37788978221888286
0.18104895374283586,0.25983778680451436,0.4408867405473502
0.16252414607989396,0.2854872308775191,0.44801137695741305
0.12389939479937467,0.310362326441858,0.4342617212412327
0.2051633556617809,0.25452529847178906,0.45968865413356996
0.09684834455829266,0.31913660305276964,0.4159849476110623
0.1644115048627821,0.27753126324381366,0.4419427681065958
0.15743323868034031,0.2712845941987158,0.4287178328790561
0.18933135863906458,0.27144626900635693,0.4607776276454215
0.16101292136089634,0.27787339952598816,0.4388863208868845
0.15109653601590406,0.3211895708102147,0.47228610682611877
0.18252234268341488,0.2826463882207551,0.46516873090417
0.18119483029781053,0.2556332819823762,0.43682811228018675
0.204536906220738,0.29700589274917005,0.501542798969908
0.19719394122822514,0.25281656026259924,0.4500105014908244
0.18382318658065538,0.25195595464576714,0.43577914122642253
0.14165073810615825,0.3105418749733173,0.45219261307947556
0.18333633095750212,0.26102012839556105,0.44435645935306317
0.16363835909706914,0.2942286099407507,0.4578669690378198
0.16630678592459014,0.2926589237681856,0.4589657096927757
0.1413515827644622,0.29609237908993613,0.4374439618543983
0.14546163611784008,0.31210517338622057,0.45756680950406065
0.16072596734321132,0.2756079803211239,0.4363339476643352
0.09981961876863277,0.2926375727908264,0.3924571915594592
0.17479943317611718,0.2766127890783824,0.45141222225449956
0.12922291609478093,0.2877138524938482,0.4169367685886291
0.11681266313841387,0.2653070115288528,0.38211967466726665
0.1598709299611939,0.28713302458549494,0.44700395454668884
0.19632591159419777,0.2842394319990192,0.48056534359321695
0.14778055086880387,0.24692097981695982,0.3947015306857637
0.1833701150814157,0.29940441574181587,0.4827745308232316
0.20021454562869045,0.2734081327893004,0.47362267841799083
0.22170696935678902,0.2602744224511001,0.4819813918078891
0.16704237683620043,0.2854240509323966,0.452466427768597
0.1407494258791575,0.2669956086309964,0.4077450345101539
0.1642125253701871,0.2785234788447624,0.4427360042149495
0.11241414570982544,0.2975767546704399,0.40999090038026537
0.12254092991661841,0.287783589545031,0.41032451946164944
0.1805390497386427,0.26192154164735704,0.44246059138599975
0.13918185796841714,0.28706620317802456,0.4262480611464417
0.13797573214222864,0.29652170428007185,0.4344974364223005
0.1825267865903885,0.2658605296573311,0.4483873162477196
0.09231831409685531,0.2906289637707528,0.3829472778676081
0.15446205196365964,0.29780103849898015,0.4522630904626398
0.15125809219731878,0.31434627808217774,0.4656043702794965
0.17034282677466123,0.276921184578497,0.44726401135315824
0.17145172602268405,0.2598771359519,0.43132886197458403
0.1843604393706579,0.24739697883192932,0.43175741820258723
0.1169349354315753,0.2811292806619818,0.3980642160935571
0.1361014893065703,0.3162208885318523,0.4523223778384226
0.0969396823502901,0.3467677373233355,0.4437074196736256
0.1250793866200564,0.3020985999806005,0.4271779866006569
0.15596190164167595,0.28051092456918236,0.4364728262108583
0.14418047953431434,0.30508617120814735,0.4492666507424617
0.14213578618849632,0.30581321897241726,0.44794900516091357
0.19918406285856644,0.27295113954614586,0.4721352024047123
0.15489647510230142,0.290566575598837,0.4454630507011384
0.1739027903390451,0.2536647091422999,0.427567499481345
0.1270276582696891,0.30740041210742963,0.4344280703771187
0.1186248242008604,0.3089057513731702,0.4275305755740306
0.09238681264124748,0.30882162235188365,0.40120843499313114
0.18481715997415116,0.26237705556515956,0.4471942155393107
0.12074556037922601,0.2925685207145435,0.4133140810937695
0.2102476468993567,0.2532200525482928,0.4634676994476495
0.12784465712541254,0.3047981816825751,0.43264283880798765
0.13467038429376627,0.2759528693475701,0.41062325364133634
0.1379186100067683,0.2854893081311541,0.4234079181379224
0.1426454748530115,0.29777484577790236,0.44042032063091385
0.16636480408691934,0.2937835934262777,0.460148397513197
0.19763858696227893,0.2590403146113307,0.45667890157360963
0.17388303693461243,0.29262868283486676,0.4665117197694792
0.1520310911273965,0.33662448728671596,0.48865557841411245
0.08771985182916564,0.31508717594436464,0.4028070277735303
0.14998021741236556,0.3116604273809176,0.46164064479328315
0.1235747385955675,0.30676243647560375,0.43033717507117125
0.12276900565414106,0.308270299868955,0.43103930552309605
0.19138725674378015,0.2891964896916092,0.48058374643538937
0.21482896147319874,0.2615721471174592,0.47640110859065793
0.15085551515402218,0.2888026752542737,0.4396581904082959
0.12450448062419406,0.3117620522573302,0.4362665328815243
0.24185682069945316,0.2223567930595837,0.46421361375903686
0.15988727349009318,0.26763323222758384,0.427520505717677
0.13530612784659213,0.26783576685255517,0.4031418946991473
0.18552671890942712,0.2688932180516049,0.454419936961032
0.1833493243790773,0.2865769660194014,0.4699262903984787
0.14990309039530225,0.29506751304741674,0.444970603442719
0.1658645770155554,0.2977641197700476,0.463628696785603
0.20186141630928983,0.29730484423792175,0.4991662605472116
0.10455293605195715,0.3090470122166609,0.41359994826861807
0.18749192459754033,0.2778534992488373,0.4653454238463776
0.16444011588033514,0.2920807847115646,0.45652090059189976
0.16742754862796805,0.2729841260876609,0.440411674715629
0.12518599898892013,0.30146236082750183,0.42664835981642196
0.1372434372332153,0.2636880817216776,0.40093151895489293
0.18955527351335938,0.2817906602723961,0.47134593378575546
0.18244020845631592,0.26808862260976896,0.4505288310660849
0.22873354249594074,0.2881880627378873,0.516921605233828
0.19914658511260508,0.26743409446002253,0.4665806795726276
0.18986281842059544,0.2542865337913162,0.44414935221191165
0.12375906411579435,0.27453193228639666,0.398290996402191
0.16446868426778605,0.28447715637692716,0.4489458406447132
0.12368144739889109,0.2823599386042944,0.4060413860031855
0.14214813133025755,0.2763991485076712,0.4185472798379288
0.2832221405436882,0.2091434565464863,0.4923655970901745
0.1979988905243753,0.26774141672335056,0.46574030724772586
0.1762780279287417,0.2879283708069634,0.4642063987357051
0.2293018406071915,0.24933441532343176,0.47863625593062326
0.1252807351331301,0.28636948921056893,0.411650224343699
0.08872157345652859,0.2937118508318647,0.3824334242883933
0.11180595738928217,0.307172815106602,0.41897877249588417
0.15291272888886925,0.2589859976904624,0.41189872657933163
0.15779095583511832,0.27676244243905535,0.43455339827417366
0.17717929612673852,0.23648690007012504,0.41366619619686357
0.14408704886780754,0.2997269934290086,0.44381404229681615
0.1538803635010751,0.2969554524029389,0.450835815904014
0.10708368429905624,0.3258584256580613,0.4329421099571175
0.13292066465233926,0.2882092817529154,0.42112994640525464
0.1725150092520688,0.2623743210551138,0.43488933030718263
0.231052246778634,0.2579404022602116,0.4889926490388456
0.10654717549427051,0.2885240504348457,0.3950712259291162
0.14911281949469718,0.2556386850450407,0.4047515045397379
0.14500928684912817,0.31143173462456125,0.4564410214736894
0.18855052224637725,0.28272386932512716,0.4712743915715044
0.1140979002732685,0.2963487600074954,0.4104466602807639
0.11996996814017441,0.2780725310800168,0.3980424992201912
0.21415305052201788,0.2687451933638335,0.4828982438858514
0.19331513802650319,0.2925874681256043,0.4859026061521075
0.186318953397827,0.28825411229011905,0.47457306568794605
0.1412057876287504,0.33068576400089417,0.4718915516296446
0.1300607052087191,0.2837390151831714,0.4137997203918905
0.11688422020908606,0.2963045790146068,0.41318879922369284
0.1151522552632036,0.3000955193658488,0.4152477746290524
0.22391838663126395,0.2600390742897451,0.48395746092100905
0.20688763900000331,0.24858772708917606,0.4554753660891794
0.08924771514450203,0.2864455512717768,0.3756932664162788
0.13428840051122048,0.2737716732112492,0.40806007372246966
0.10516805571769222,0.3165012165146555,0.42166927223234774
0.13665935530665813,0.2672781503137999,0.40393750562045805
0.15539587684562878,0.28309489591386905,0.4384907727594978
0.14182660932613866,0.2780760709155457,0.41990268024168437
0.1884279824851003,0.2679761041648126,0.4564040866499129
0.1306952687539093,0.2769075867139621,0.4076028554678714
0.15339909446105054,0.2662608562182334,0.41965995067928397
0.15766134893845996,0.31145309746672206,0.469114446405182
0.10388783847975686,0.29514365673743703,0.3990314952171939
0.17706266132841958,0.3120323936176127,0.4890950549460323
0.16820785767708918,0.2914319211611696,0.4596397788382588
0.10308085415341528,0.31620924311434656,0.41929009726776184
0.1305355200586943,0.2778110270019871,0.4083465470606814
0.21659875783102372,0.2533154603970985,0.46991421822812224
0.0888167837480126,0.35284855386424097,0.4416653376122536
0.2254357920879631,0.28417130738293633,0.5096070994708994
0.1324445014395465,0.28446169322945775,0.41690619466900425
0.2090528588452647,0.26988592149128615,0.47893878033655085
0.12122865610324002,0.2806131466098791,0.40184180271311915
0.15285578626611107,0.24084860339161002,0.3937043896577211
0.0789478130129434,0.3209746913601362,0.3999225043730796
0.21882072651513684,0.24720474650500457,0.4660254730201414
0.12628558577470544,0.2941522493476143,0.42043783512231975
0.1638397867281305,0.2817633916619664,0.4456031783900969
0.10755542079440372,0.30276597934879157,0.4103214001431953
0.14093078205954546,0.26383480835015444,0.4047655904096999
0.19949898137618283,0.24036737416363468,0.4398663555398175
0.15298620877365604,0.2660751949744221,0.41906140374807815
0.20512711549957485,0.2409610399713974,0.44608815547097225
0.1006485214923139,0.29819143916673324,0.39883996065904714
0.16326113312949908,0.2543891887635274,0.4176503218930265
0.14905102005682208,0.26481668449241524,0.4138677045492373
0.1787461060489352,0.2577301512253733,0.4364762572743085
0.09764387323571844,0.3314909467354781,0.4291348199711965
0.20143919556896,0.2556624277117663,0.4571016232807263
0.15514397548617942,0.2708906831891031,0.4260346586752825
0.22696162577882806,0.21602464154595952,0.4429862673247876
0.13869502723584498,0.2854610713344207,0.4241560985702657
0.14297485481837802,0.2728000881061618,0.4157749429245398
0.17072886716339114,0.28650641861126364,0.4572352857746548
0.15563474805231414,0.27331928600438177,0.4289540340566959
0.20268282503812307,0.25883518467066435,0.4615180097087874
0.10217977240921078,0.3422566956660849,0.4444364680752957
0.13045096125975553,0.2990390703293719,0.4294900315891274
0.23043949818277493,0.266388530905376,0.49682802908815094
0.17219242586491723,0.29808571943048456,0.4702781452954018
0.1720371911086726,0.2989496754967752,0.4709868666054478
0.15065817406172477,0.2981180246210192,0.448776198682744
0.1515601986402625,0.29889023084994054,0.45045042949020303
0.1700394266003371,0.29113414343273275,0.46117357003306986
0.1308769290108897,0.3171713025999127,0.4480482316108024
0.20229774204344692,0.269716272887569,0.4720140149310159
0.14748092881571734,0.25364587093093766,0.401126799746655
0.13445700134594285,0.30993820280616574,0.4443952041521086
0.13526643315043246,0.3132376955825109,0.4485041287329434
0.049755214365089784,0.3481180422299433,0.3978732565950331
0.1662282030538776,0.2792658173609191,0.4454940204147967
0.15915376814609322,0.2900096941501872,0.4491634622962804
0.18143861330135264,0.28684878554955795,0.4682873988509106
0.14730486520661912,0.28738887516601125,0.43469374037263037
0.16753527357094478,0.26530916478844957,0.43284443835939435
0.14717965711178277,0.3259337947132116,0.47311345182499437
0.1525710692787705,0.3075355658857806,0.46010663516455114
0.12015792318979296,0.30145123637076,0.42160915956055295
0.13670686188008402,0.2939568345499163,0.4306636964300003
0.17973139896432977,0.2780085293864131,0.45773992835074284
0.17297509223756913,0.27134488737718404,0.44431997961475317
0.15703883105011784,0.2666781108896599,0.42371694193977777
0.09261306404842318,0.3078436146416668,0.40045667869009
0.11989829439248284,0.30409551629045317,0.423993810682936
0.1655986433041426,0.2916457667187941,0.4572444100229367
0.1551933887161437,0.2817216113465326,0.4369150000626763
0.1811089270463226,0.25802386937669625,0.43913279642301883
0.11964712528080229,0.3082597059683651,0.4279068312491674
0.1603567727523979,0.2729275804496105,0.4332843532020084
0.14294859217164696,0.29227040385820297,0.4352189960298499
0.1676921500752625,0.28626914444101886,0.45396129451628137
0.15976209846989325,0.2906989413600042,0.45046103982989744
0.13842648865744622,0.2993226710548984,0.4377491597123446
0.1937372423958219,0.26169774109615535,0.45543498349197725
0.1552715148548079,0.28250762720896927,0.43777914206377716
0.19483261829467668,0.2686187817650291,0.4634514000597058
0.1708989687774755,0.2760673029991594,0.4469662717766349
0.13879539636961125,0.2930693639323284,0.43186476030193965
0.18602971142571528,0.27420521149979293,0.4602349229255082
0.1449480833093859,0.303861041922441,0.4488091252318269
0.14241981075343557,0.2734943882718601,0.4159141990252957
0.15446752047268453,0.2695240855808143,0.42399160605349884
0.1769082257093922,0.264062452660108,0.4409706783695002
0.11676190682137944,0.315753165849333,0.43251507267071243
0.19080630568546558,0.2844058877196003,0.4752121934050659
0.1593223813333861,0.2696874363970974,0.4290098177304835
0.11500468970583388,0.31486959703485906,0.42987428674069295
0.21701606481437213,0.27183723340066607,0.4888532982150382
0.1834971083303012,0.28099580514533856,0.46449291347563976
0.10977205411421775,0.2833253505611949,0.39309740467541265
0.13766146950427555,0.305494006740976,0.44315547624525153
0.12019645054402955,0.27691828647266287,0.3971147370166924
0.1788071129739508,0.2767171938612048,0.4555243068351556
0.17639687258084108,0.2576946709982327,0.43409154357907376
0.13037672436847247,0.27132804013593387,0.40170476450440634
0.14111251224000593,0.26853762045442847,0.4096501326944344
0.1577771168646384,0.2726689088777831,0.4304460257424215
0.19422460607820552,0.26053517030958717,0.4547597763877927
0.10243756959911393,0.28329702191538286,0.3857345915144968
0.15201457213362585,0.2933667042465876,0.44538127638021346
0.1309737855231034,0.2824499127668743,0.4134236982899777
0.1528398018441644,0.29678651085046664,0.44962631269463105
0.2104455805060671,0.26120619784878607,0.47165177835485317
0.15659796978828877,0.25934213424369573,0.4159401040319845
0.11638092914780657,0.3118960680329687,0.4282769971807753
0.16751149970588342,0.2621176807289496,0.429629180434833
0.17384204923811802,0.2864877385664451,0.46032978780456313
0.19377678090834122,0.28881168986850275,0.48258847077684397
0.15076362337307964,0.30465421868948434,0.45541784206256397
0.11299340744832886,0.28602395841988837,0.39901736586821723
0.1553242801792717,0.30371198417425777,0.45903626435352946
0.09080594056678126,0.32604569712127773,0.416851637688059
0.15461297321479622,0.2748842230747422,0.4294971962895384
0.17220520115287163,0.2782846505657529,0.45048985171862455
0.20774568300466792,0.24726703762198934,0.45501272062665726
0.10860612653390933,0.3266172442331376,0.4352233707670469
0.13484060105451862,0.31852641142868127,0.4533670124831999
0.19463958651800006,0.261420174744369,0.4560597612623691
0.10015171922396576,0.3102996452260645,0.4104513644500303
0.08597340569271222,0.3009837798590051,0.3869571855517173
0.1701421978674751,0.27713478696673766,0.44727698483421274
0.07954826413860316,0.34122925368838086,0.420777517826984
0.17763950413455548,0.2909758327754599,0.4686153369100154
0.13201730786290633,0.30383138818553274,0.43584869604843907
0.14394179877608465,0.27921638605142934,0.423158184827514
0.19804507385738895,0.2580842518262697,0.45612932568365866
0.15813763912732565,0.26386025703779104,0.4219978961651167
0.13413906292995809,0.283040176521959,0.4171792394519171
0.13974680696826647,0.26652892648607635,0.4062757334543428
0.12192938710463525,0.28720235863545723,0.4091317457400925
0.13881501181038491,0.30631729818975556,0.4451323100001405
0.16271452443817896,0.29801754440943096,0.4607320688476099
0.15058538353436235,0.2809335233645628,0.43151890689892514
0.12637452458214504,0.30511614331911213,0.4314906679012572
0.1716789642857936,0.2678734426007342,0.4395524068865278
0.15588235267657535,0.29762411369254543,0.4535064663691208
0.15954547959653836,0.28619561398454224,0.4457410935810806
0.14997646592936603,0.28437184025580536,0.4343483061851714
0.16147466636876628,0.2832649141986271,0.4447395805673934
0.09267034920175521,0.31796915385856295,0.41063950306031816
0.19552573752736813,0.27913668181486123,0.47466241934222936
0.16659665088144127,0.2681978457631589,0.4347944966446002
0.16050587486994805,0.2795759643000482,0.44008183916999627
0.1883071883605405,0.26440953732717565,0.45271672568771615
0.15542588334008317,0.28192476000683236,0.43735064334691554
0.18485034599074407,0.2764461442937957,0.4612964902845398
0.11976687409621661,0.289889164085853,0.40965603818206964
0.1213952074674427,0.2905212441179479,0.4119164515853906
0.18981488330871754,0.2761984345562363,0.46601331786495387
0.11439009621151136,0.31497577258806625,0.4293658687995776
0.17970093455167524,0.29395878232093425,0.4736597168726095
0.1921619030364789,0.27758187146373414,0.46974377450021304
0.1560009308898785,0.28315212661846234,0.4391530575083408
0.20954285251426813,0.25696692667005283,0.46650977918432096
0.14491841170216313,0.2743810887165402,0.41929950041870334
0.13199502716687694,0.32524037574358544,0.4572354029104624
0.16262273849827752,0.25619303974922547,0.418815778247503
0.15869569746613738,0.3150637967920232,0.47375949425816055
0.16876735072524235,0.26911246082422824,0.4378798115494706
0.16613636223367684,0.30304846993023116,0.469184832163908
0.1686732317326936,0.28274854296303925,0.45142177469573286
0.15856120065999396,0.286452835496302,0.445014036156296
0.15179701270807755,0.27675643858931787,0.4285534512973954
0.1332198969353679,0.30466525901575603,0.4378851559511239
0.17423946252275097,0.26614093643039755,0.4403803989531485
0.12929685179516504,0.30761921555907357,0.4369160673542386
0.19489441337266972,0.24597862226627654,0.44087303563894625
0.1311562083285046,0.2691573505485501,0.4003135588770547
0.08527229081996007,0.3098897288233982,0.3951620196433583
0.11138946988651383,0.325908063352059,0.43729753323857284
0.12095581949706602,0.29207765311842393,0.41303347261548995
0.12174801900515969,0.2822277591192537,0.4039757781244134
0.16339690503993076,0.3239145029909383,0.4873114080308691
0.1456514121165043,0.256315676411804,0.4019670885283083
0.10238008419716477,0.2888412381938164,0.3912213223909812
0.18527387380355492,0.29347678858762277,0.4787506623911777
0.20549191146919343,0.26302108845968664,0.46851299992888007
0.16148696971184995,0.3215937211048522,0.48308069081670213
0.10567607319631528,0.32963346477132305,0.4353095379676383
0.12473838226006823,0.3169706608068957,0.4417090430669639
0.19919492202112757,0.23649031166523934,0.4356852336863669
0.15441480596049628,0.25474396615773776,0.40915877211823404
0.17617170576449348,0.2770062813746949,0.4531779871391884
0.16801616212749554,0.27215905899090603,0.44017522111840157
0.11266211956075356,0.33205995947798317,0.44472207903873673
0.13579904892548456,0.29073960591055187,0.4265386548360364
0.16623150300654033,0.28342287492353413,0.44965437793007446
0.14005651483282128,0.2951972059498915,0.4352537207827128
0.1600234275520072,0.28527242583352974,0.44529585338553695
0.20058696049630687,0.2643822871396904,0.4649692476359973
0.1264740283693358,0.30295992567976054,0.42943395404909634
0.14253262668944994,0.31404399085300694,0.4565766175424569
0.1550734663257166,0.2725873023663844,0.427660768692101
0.16682682919239233,0.2841732035970286,0.4510000327894209
0.16975139706411685,0.2804791059055709,0.45023050296968775
0.16011459913799347,0.2837075877945367,0.44382218693253017
0.16829071405930318,0.29910540769584404,0.4673961217551472
0.14639809091147504,0.2879224596746751,0.43432055058615016
0.16923126956995388,0.2789167959707659,0.4481480655407198
0.19548441284908968,0.26430099556159803,0.4597854084106877
0.12993816635073774,0.30323532872496456,0.4331734950757023
0.08796692635925807,0.3111866093598796,0.39915353571913764
0.1770885107988629,0.29733036792550394,0.47441887872436683
0.15499259488528078,0.28434330748558123,0.439335902370862
0.16077361455947087,0.2862486439248692,0.4470222584843401
0.10255764445118776,0.3241603804402082,0.42671802489139593
0.18579105903765836,0.2869999221337883,0.47279098117144663
0.16379599965658614,0.2866767833402998,0.4504727829968859
0.11436766791909037,0.3086252661664549,0.4229929340855453
0.10591072279147801,0.27396124686462414,0.37987196965610215
0.1857555414755463,0.2976044635585456,0.4833600050340919
0.16667200201611226,0.294320952298268,0.46099295431438025
0.14358282406195605,0.2824903200579482,0.42607314411990427
0.09309109702224533,0.31624476311851657,0.4093358601407619
0.18190464906862114,0.28493024808845074,0.4668348971570719
0.14258458956276587,0.31906801070016644,0.4616526002629323
0.1365295120698513,0.28421183285070956,0.42074134492056087
0.10371680430316904,0.27360664249626615,0.3773234467994352
0.17370219531856118,0.29843025067311973,0.4721324459916809
0.20333446119595902,0.24303965897359067,0.4463741201695497
0.18782171634455025,0.2632587102589254,0.45108042660347564
0.17686536964521554,0.26767933169656705,0.4445447013417826
0.18142436354387298,0.24666252237970154,0.4280868859235745
0.23229924513018546,0.25726377259676125,0.4895630177269467
0.18803043576599437,0.2887020311945948,0.4767324669605892
0.21585871073180335,0.25008196927047294,0.4659406800022763
0.13778517555197856,0.31218038744236104,0.4499655629943396
0.1714932749014424,0.2876077498549197,0.4591010247563621
0.1876247963218462,0.2691479893992521,0.4567727857210983
0.17206064004246807,0.25987369541722133,0.4319343354596894
0.14722869870672511,0.2854357415508987,0.4326644402576238
0.15895572668057217,0.29943988248188935,0.4583956091624615
0.09804357296811783,0.31131684912329616,0.409360422091414
0.20344274121553269,0.28282203313934345,0.48626477435487614
0.18296245072266518,0.24869103354161207,0.43165348426427724
0.20241074612449406,0.28349771541002244,0.4859084615345165
0.1420184286273496,0.2656357844983991,0.4076542131257487
0.1325875151776416,0.30405814901950984,0.43664566419715145
0.14961497247415256,0.2985111647395873,0.44812613721373984
0.1717452663129478,0.27289064795238427,0.44463591426533206
0.19897327940515147,0.27265851963982707,0.47163179904497854
0.18132001514536483,0.29025766500730915,0.471577680152674
0.1773032781599781,0.2984960034939354,0.4757992816539135
0.1749026758254733,0.2569657665988855,0.4318684424243588
0.12490041566494492,0.2817503709137245,0.40665078657866943
0.1810153120446693,0.27616261143706144,0.45717792348173075
0.16187320655667914,0.2631203540440502,0.42499356060072935
0.13259569188202308,0.29525794786892345,0.42785363975094653
0.12186168154085075,0.32002124960906425,0.441882931149915
0.15852885021122293,0.27520728507839753,0.43373613528962046
0.08509308274581645,0.3224217883666422,0.40751487111245865
0.1472167180334396,0.3019208686522798,0.4491375866857194
0.17972389401177985,0.30967118964362467,0.4893950836554045
0.17919793516706006,0.2724972022890747,0.45169513745613477
0.15109554160196054,0.2944641890362607,0.44555973063822124
0.19546347351362142,0.2775032138760427,0.47296668738966413
0.15478217182322207,0.29357844443448644,0.4483606162577085
0.1760722952886078,0.2856131779993192,0.461685473287927
0.14706315975941137,0.3142866016999059,0.4613497614593173
0.1439973043439184,0.2758072196726569,0.4198045240165753
0.11800844555942808,0.30451847282735867,0.42252691838678674
0.20545410687774746,0.25342948391386266,0.4588835907916101
0.13354679347366188,0.29559664261553065,0.42914343608919253
0.1838228783528611,0.2776826808785159,0.461505559231377
0.19684532672712646,0.2632198424324176,0.46006516915954404
0.12096558760659698,0.2778507573331352,0.39881634493973217
0.11591827821385298,0.2960539077047467,0.4119721859185997
0.13793619234938687,0.28221500306679126,0.4201511954161781
0.17933772177679164,0.28011172446950244,0.4594494462462941
0.18448841678593997,0.25503835068704245,0.4395267674729824
0.09268198876380995,0.35472339868429276,0.4474053874481027
0.20205884513391426,0.25492781009628573,0.4569866552302
0.18870941713887557,0.26682359935285904,0.4555330164917346
0.07731065722343172,0.3552654936184649,0.4325761508418966
0.151232035743269,0.2791906998424066,0.43042273558567556
0.1729052841597546,0.2684835966993948,0.4413888808591494
0.20135079397753614,0.27049472839538646,0.4718455223729226
0.15160507555040464,0.2748046423187618,0.4264097178691664
0.18675279331084177,0.24476651426753276,0.43151930757837453
0.16543114373251,0.27987121796650993,0.44530236169901993
0.08236840730699574,0.3280717921068212,0.41044019941381693
0.1491104295040474,0.27843707229442394,0.42754750179847134
0.1786802235679611,0.27418303257114124,0.45286325613910233
0.14595727094958477,0.26524882444229286,0.41120609539187764
0.1373405201047876,0.29782417547227824,0.43516469557706583
0.1368328944179682,0.3067587809641827,0.4435916753821509
0.1712056932923091,0.2750980820984338,0.4463037753907429
0.17140622865480143,0.2754473954923827,0.4468536241471841
0.15335428676213547,0.28531059576038353,0.438664882522519
0.14888219708862416,0.2847399418930669,0.43362213898169105
0.16417270886597007,0.2909397862554784,0.45511249512144847
0.17390200711420178,0.27778080858911025,0.45168281570331204
0.24698052334407467,0.249313235883026,0.4962937592271007
0.06707658655514864,0.3260172731396327,0.39309385969478133
0.10137855332091711,0.31470928154948813,0.41608783487040524
0.16939550060286396,0.27380014526014235,0.4431956458630063
0.1540026962496267,0.29751465581338193,0.45151735206300864
0.18653396817008044,0.2657610537933725,0.45229502196345295
0.16653668352913875,0.29366947744308547,0.4602061609722242
0.13379053849274808,0.31039887420938017,0.44418941270212825
0.17468593109884917,0.2742199292824069,0.44890586038125607
0.18440995246397224,0.2683299219011786,0.45273987436515084
0.18653037087138513,0.258119246304515,0.4446496171759001
0.11915605949452762,0.29294604927183915,0.41210210876636677
0.18612275211322182,0.27166777239184486,0.4577905245050667
0.12322706426075863,0.3250021962893764,0.448229260550135
0.12220605929448258,0.30854786626076813,0.4307539255552507
0.20647620160202662,0.2724618901268109,0.4789380917288375
0.1753995120899105,0.2563368567534757,0.4317363688433862
0.15354124181483325,0.27126306053858734,0.4248043023534206
0.18539808847008427,0.2827030511407711,0.46810113961085537
0.18698488360625026,0.30327428665589595,0.4902591702621462
0.14520925492485176,0.26780236010541475,0.4130116150302665
0.13963610586312047,0.29728088217070625,0.4369169880338267
0.17615343514952403,0.3088033082003764,0.4849567433499004
0.15087465425402696,0.2999762792965431,0.45085093355057004
0.12749341944382486,0.3074064084302753,0.43489982787410014
0.17091270537345576,0.2609941669943328,0.4319068723677886
0.1614150871852987,0.231761703987613,0.3931767911729117
0.16194376799693688,0.2661336598773046,0.42807742787424147
0.2258847553320093,0.24529075255588328,0.4711755078878926
0.1942382135316073,0.26640179309539186,0.46064000662699917
0.14892017251397338,0.2732435170432718,0.4221636895572452
0.14990838223278036,0.27926857643055303,0.4291769586633334
0.15264422521406096,0.2977818874502149,0.45042611266427585
0.2214406398845049,0.272499506891141,0.4939401467756459
0.19728074311508703,0.2699381682318248,0.46721891134691185
0.1899641362289915,0.2998240611155966,0.4897881973445881
0.16400642445752678,0.28729575287215103,0.4513021773296778
0.19528407165740302,0.29486718197752976,0.4901512536349328
0.11537473289994504,0.3260189094061308,0.44139364230607586
0.15575420044422994,0.27077253386804134,0.4265267343122713
0.17493102559233897,0.28725714129029817,0.46218816688263714
0.13153170990003493,0.3018001810191611,0.43333189091919605
0.21697741015902616,0.24009415775962872,0.4570715679186549
0.18671062495251667,0.2618208637621438,0.4485314887146605
0.16486950624978763,0.2939521154692301,0.45882162171901775
0.1577626141270373,0.2638973894568126,0.4216600035838499
0.13376050907705594,0.3064419907605391,0.440202499837595
0.16799947922667313,0.2622166984275576,0.43021617765423076
0.14126575813070585,0.2914236673511712,0.43268942548187705
0.13113291853212722,0.25728582574672426,0.3884187442788515
0.16317721801524043,0.30202028259305924,0.4651975006082997
0.13973290127614352,0.2703534686129998,0.4100863698891433
0.13518085964539195,0.3038731656055288,0.43905402525092074
0.16213626712027618,0.2778531792596066,0.4399894463798828
0.11510644788397056,0.34909555475175,0.4642020026357206
0.17356826519788474,0.23522453998659995,0.4087928051844847
0.13137913899223236,0.31807823103562194,0.4494573700278543
0.12754998892877506,0.27824911760705145,0.4057991065358265
0.11913371131815681,0.30504813157369526,0.42418184289185207
0.11870783196378909,0.31939690102283713,0.4381047329866262
0.17313343030416356,0.29699450386250825,0.4701279341666718
0.09635391946810762,0.2949453196951442,0.3912992391632518
0.17341693961555732,0.2273697184566103,0.4007866580721676
0.1699999833463201,0.2711195078540118,0.4411194912003319
0.18085313459833763,0.2598068835036289,0.44066001810196653
0.162644333787405,0.2653073754438996,0.4279517092313046
0.15926326920700262,0.3080657160102082,0.46732898521721083
0.16653580570998988,0.29365854905799565,0.46019435476798554
0.16119363549697313,0.2748139769950164,0.43600761249198955
0.12095641366327181,0.30295084979765724,0.42390726346092905
0.16935447499034512,0.2757398900233217,0.44509436501366684
0.15883741677610902,0.2912086569517777,0.45004607372788674
0.16834087889688065,0.2837106528400882,0.4520515317369688
0.17636560052515415,0.2854701820951914,0.4618357826203456
0.14317326241901124,0.2695492494511439,0.41272251187015513
0.16164945699783534,0.29705112350055857,0.4587005804983939
0.1627530191970103,0.28282593523091165,0.44557895442792195
0.1571989462353217,0.3009111953908116,0.45811014162613334
0.13268394323208244,0.2872373506763264,0.4199212939084088
0.14112136993965307,0.29598629054209036,0.43710766048174343
0.18856592542813427,0.25269966722669684,0.4412655926548311
0.1440090778793544,0.32820075646516544,0.47220983434451985
0.1603854597563305,0.28126554395495146,0.44165100371128196
0.1551304696779438,0.27742787774886335,0.43255834742680715
0.2097896474053192,0.2327496464594615,0.4425392938647807
0.15623956373919834,0.2873647563512537,0.44360432009045203
0.19606527121337342,0.28713049425289344,0.48319576546626686
0.14056508644904137,0.3127122018223206,0.453277288271362
0.1828998840622863,0.28558268535908227,0.46848256942136857
0.16132863943341974,0.2767532378613429,0.43808187729476267
0.13911682846999335,0.27924745657206906,0.4183642850420624
0.08951555718261467,0.340546985954,0.4300625431366147
0.21323703721130988,0.2571495521854302,0.47038658939674005
0.0583526673135531,0.3565568323655991,0.4149094996791522
0.15498455192277172,0.27208782314404967,0.4270723750668214
0.08575112922218836,0.30146599225461596,0.3872171214768043
0.13677277017290607,0.29739882458327505,0.4341715947561811
0.1775391189838903,0.29029658070677083,0.46783569969066113
0.1726765965762041,0.25252723730315896,0.42520383387936306
0.18471937834585878,0.26847442224320883,0.4531938005890676
0.1571050152873798,0.28476773162530583,0.44187274691268563
0.12020214522476563,0.3146004673016983,0.43480261252646396
0.2001765807112626,0.2708912155284267,0.4710677962396893
0.20475015429555132,0.26612681709799724,0.47087697139354856
0.19503992562457273,0.2714232412282946,0.4664631668528673
0.16969078878647637,0.2833264760071851,0.45301726479366144
0.14770592847133002,0.25451201248156125,0.40221794095289126
0.14889928411470021,0.2904505813115086,0.4393498654262088
0.24357003846881803,0.25822445413866185,0.5017944926074799
0.14378109217966661,0.2746662294929978,0.4184473216726644
0.1648697647233368,0.30450398301628406,0.4693737477396209
0.1851781197925013,0.2434303006555367,0.428608420448038
0.15299053619451375,0.2795378214349474,0.4325283576294611
0.16593785753104084,0.3113315657837566,0.47726942331479744
0.14259604724537417,0.32731769786046055,0.4699137451058347
0.16780280584808616,0.30328173612169124,0.4710845419697774
0.20215510430919043,0.29308083319455724,0.49523593750374767
0.19208264002394754,0.2710443148374347,0.4631269548613822
0.16597029675561414,0.2667547666290084,0.4327250633846225
0.1396899823557614,0.2976189004006879,0.4373088827564493
0.09684668269069974,0.2984120018879221,0.39525868457862184
0.13534110611988792,0.25430066371009163,0.38964176982997956
0.17511908563915474,0.2975856365677022,0.47270472220685694
0.15637190282426644,0.3050183307054454,0.4613902335297118
0.18541530880871468,0.24919910392257097,0.43461441273128565
0.16561016914355403,0.25798872581317306,0.4235988949567271
0.16750270569971565,0.26738775882669746,0.4348904645264131
0.1638963204322006,0.2697672262918339,0.4336635467240345
0.13304787522266204,0.3248343022596669,0.45788217748232896
0.15482115014024234,0.2723140522337251,0.42713520237396746
0.1401544674285326,0.29185590680655366,0.43201037423508626
0.1532909908015293,0.28116028081608463,0.43445127161761393
0.22954037184756393,0.25711926360779924,0.48665963545536317
0.200567307873739,0.27095965352327334,0.47152696139701233
0.1871221699143179,0.2575153236178051,0.444637493532123
0.15535717782883535,0.32035905624779637,0.4757162340766317
0.13042742480395658,0.26610574910083895,0.39653317390479553
0.1411758696246983,0.29804581150450693,0.43922168112920523
0.17634686367364982,0.31469241059717007,0.4910392742708199
0.1324085232612236,0.253288960225514,0.3856974834867376
0.18155609159935537,0.2680232032820267,0.4495792948813821
0.14357412158588717,0.28377661119400877,0.42735073277989594
0.21401856886601267,0.22987369130454804,0.4438922601705607
0.12403033109408462,0.28662151054034557,0.4106518416344302
0.17624546850066974,0.2972084300172236,0.4734538985178933
0.16002268191427238,0.3045215258522464,0.4645442077665188
0.17679912654442664,0.2722146010160495,0.44901372756047614
0.19878629768079897,0.2891664466714188,0.48795274435221775
0.1359403089083217,0.2839836344486214,0.4199239433569431
0.15338959548665054,0.29342287732963274,0.4468124728162833
0.1834717824205162,0.2662963402894992,0.44976812271001543
0.18942048608126738,0.2654177211457907,0.4548382072270581
0.1801394192679387,0.2666857827919056,0.4468252020598443
0.2130214229278528,0.25617166169842237,0.4691930846262752
0.1441293835126926,0.2852151252706649,0.4293445087833575
0.1337944102223088,0.3219739655714808,0.4557683757937896
0.15896358987262643,0.2569687154512857,0.4159323053239121
0.14867842754265853,0.28908584847671387,0.4377642760193724
0.20966294252724488,0.2810830416975039,0.4907459842247488
0.11448789825355699,0.2872011033573446,0.4016890016109016
0.1638558478751836,0.28518403508114193,0.4490398829563255
0.19103239210966425,0.24127006462192482,0.43230245673158907
0.20966319322644453,0.2459959062633663,0.4556590994898108
0.14420670114686507,0.28823131166269855,0.4324380128095636
0.17920912062210015,0.2721980028643953,0.4514071234864955
0.1645258806742841,0.3007812333925852,0.4653071140668693
0.2073592524820524,0.2813128423093611,0.4886720947914135
0.131004838485707,0.291488678646034,0.422493517131741
0.125082466264687,0.2894372075801674,0.4145196738448544
0.11886400744458064,0.3093084254343031,0.42817243287888374
0.20216421697129708,0.2215067751456102,0.4236709921169073
0.14199380922838345,0.2915008766435612,0.4334946858719447
0.2057176240185608,0.25642610757366785,0.46214373159222866
0.20574714855960163,0.2630875681061646,0.46883471666576626
0.11362192079438099,0.2861194269939342,0.3997413477883152
0.12848609455665122,0.28565743597959964,0.41414353053625086
0.11013689656716741,0.30408806931761523,0.41422496588478264
0.1983006103102801,0.24576050675897795,0.44406111706925805
0.12474597762037898,0.29033972182623335,0.41508569944661233
0.16893553560124552,0.2704302994558963,0.43936583505714183
0.18308981420612763,0.28122589873844084,0.46431571294456847
0.1675374183253181,0.26647518739545917,0.43401260572077727
0.18558154431280494,0.29091391731861743,0.47649546163142237
0.1979740286081174,0.25264083433635476,0.45061486294447217
0.2119025736527642,0.23664686971562157,0.44854944336838576
0.11652513452410052,0.32398162779818784,0.44050676232228836
0.18202596384720238,0.29481742973942554,0.4768433935866279
0.19408122036532932,0.2615569193454864,0.45563813971081574
0.13249787372123195,0.282135848615387,0.41463372233661894
0.15324829843963966,0.29161987423352786,0.44486817267316753
0.1838533379155617,0.30227095661674375,0.48612429453230543
0.16811749219346078,0.28906069186493416,0.45717818405839494
0.13202356042250996,0.30792171009180475,0.4399452705143147
0.21917946754247666,0.24595534096558577,0.46513480850806244
0.14568474466912246,0.30740671750265847,0.4530914621717809
0.13602840798080107,0.27848211647191606,0.41451052445271713
0.08658138728981585,0.30088756806021977,0.3874689553500356
0.14503289594212943,0.28245219000697575,0.42748508594910517
0.1584389331871469,0.29579635118573416,0.4542352843728811
0.14922184370161268,0.31145784194735,0.46067968564896267
0.1279289359373077,0.26231375872604623,0.39024269466335393
0.11501862190029633,0.28230046737205844,0.39731908927235476
0.14797676780806074,0.27827917217805737,0.4262559399861181
0.15087910217630068,0.30386655212212715,0.45474565429842784
0.1921354363924836,0.2616443652183606,0.4537798016108442
0.1867470183833087,0.26998167277133395,0.45672869115464265
0.2134340225813378,0.2525190403647166,0.46595306294605443
0.12434868063117477,0.2948501008711682,0.41919878150234297
0.17818891951669436,0.2798500986327396,0.45803901814943393
0.17648574395147232,0.26257670377975756,0.4390624477312299
0.15854082040650408,0.29654253168875794,0.455083352095262
0.133451523278998,0.2963464236566474,0.4297979469356454
0.1388231075988109,0.2723950204554633,0.4112181280542742
0.16985958614786828,0.2671868382344601,0.4370464243823284
0.20798424896962842,0.260586569763527,0.4685708187331554
0.1831139171845192,0.28255668372705256,0.46567060091157175
0.22349965474060907,0.2524175547252048,0.47591720946581384
0.14153440967571046,0.27560899573053504,0.4171434054062455
0.14647949515665015,0.27282025069913535,0.4192997458557855
0.1305626199685196,0.3049339825133061,0.4354966024818257
0.1604257795809791,0.2754353261122464,0.4358611056932255
0.14762177138231963,0.25877354132361613,0.40639531270593576
0.14711749116944361,0.3010617560498697,0.4481792472193133
0.16910329071650676,0.26553353502702537,0.43463682574353213
0.10156489227478022,0.3081055549394916,0.4096704472142718
0.13376932199458536,0.2796102605022833,0.4133795824968687
0.16166471811909466,0.27253374531714397,0.43419846343623864
0.169960677194896,0.33303469791962764,0.5029953751145236
0.13411285259738087,0.3044072969604962,0.43852014955787705
0.0930910690909203,0.3227292664453807,0.415820335536301
0.22348553281288142,0.24061089441048983,0.46409642722337124
0.18262068175143648,0.26711575964287193,0.4497364413943084
0.13546082055759123,0.3095544409200161,0.44501526147760734
0.19330379252885616,0.2594729643476368,0.45277675687649294
0.13934430998858804,0.2725563029854499,0.41190061297403796
0.22206425157864496,0.2518269113174035,0.47389116289604843
0.12292944697811609,0.31734171582295045,0.44027116280106654
0.19483686747090867,0.2649387689698032,0.45977563644071184
0.13113562802171885,0.2806104125403825,0.41174604056210135
0.1919068258815695,0.26338498446370506,0.45529181034527455
0.15483967594602938,0.28784711504880567,0.44268679099483504
0.09779523767664833,0.3224671581739028,0.42026239585055114
0.13558806416512897,0.29440033102858454,0.4299883951937135
0.15825205331647013,0.30469492306868656,0.4629469763851567
0.20238765275932333,0.2461806102266004,0.4485682629859237
0.1448293297615263,0.29313263998086786,0.43796196974239415
0.2190187200998649,0.25942048083745306,0.47843920093731795
0.16641644955398394,0.2847848961359592,0.45120134568994313
0.20084683948735782,0.2586058445407214,0.4594526840280792
0.12574442830977028,0.2951308883739209,0.42087531668369116
0.18941575633817198,0.26281385932612333,0.4522296156642953
0.1531605792719129,0.27914128169248736,0.43230186096440026
0.14867746952393085,0.3040428525619565,0.45272032208588736
0.16406311966304193,0.2654939581549472,0.42955707781798913
0.18981856077628995,0.28948505913637457,0.4793036199126645
0.15251024444166428,0.2916112033171699,0.44412144775883416
0.1590394506206943,0.2919198855423165,0.4509593361630108
0.15657789549110102,0.2524595453881994,0.40903744087930044
0.17172311580127547,0.28230522524201285,0.4540283410432883
0.19412235490777105,0.24559253268086248,0.43971488758863353
0.20915106313354337,0.25203563965201153,0.4611867027855549
0.17734162184098956,0.2591589524864515,0.43650057432744105
0.11720041748485083,0.3006576240237502,0.417858041508601
0.1746032148117591,0.2544828544625009,0.42908606927426
0.15519564252659124,0.27283765745426264,0.4280332999808539
0.13078622888044106,0.28931037904989493,0.420096607930336
0.09614829688614773,0.32917112735360976,0.4253194242397575
0.10733349378042212,0.3115997514361352,0.41893324521655734
0.1250524200996307,0.28013688687924554,0.40518930697887623
0.18520735810786132,0.2977211332361796,0.4829284913440409
0.12907209050550894,0.28399766108283153,0.4130697515883405
0.13425939141764798,0.28573342263848334,0.4199928140561313
0.11585880307064828,0.3161241931716993,0.4319829962423476
0.08467535011029115,0.2965111391008481,0.38118648921113923
0.11228241239074926,0.3120156882561609,0.42429810064691015
0.15905604192257233,0.2957849596093592,0.4548410015319315
0.2062555340675612,0.28385694722336907,0.49011248129093027
0.16289846360318244,0.3012332450924131,0.46413170869559556
0.14864615575758888,0.2785325351078533,0.4271786908654422
0.14551825250384043,0.28213813810423594,0.42765639060807636
0.15313182604862619,0.27299735127783936,0.42612917732646555
0.07274762123741291,0.3483845742109955,0.4211321954484084
0.2139448883652138,0.25062963017935636,0.46457451854457016
0.16016265383590894,0.2609139328379222,0.42107658667383113
0.15134332963896097,0.28490003632242994,0.4362433659613909
0.12328192695784801,0.30275207947063665,0.42603400642848466
0.17065435976226223,0.2775279521124419,0.44818231187470414
0.09657899832581629,0.3021793904457556,0.3987583887715719
0.15156001729861007,0.3284037268153719,0.47996374411398196
0.11363971959677605,0.3068246547547148,0.42046437435149087
0.19166797599078766,0.27080523644518384,0.4624732124359715
0.20072749259400063,0.26417148816612623,0.46489898076012687
0.2107369038532006,0.2707746720318322,0.4815115758850328
0.14734833136403414,0.2729288078666278,0.42027713923066196
0.16910717830309807,0.29062350400947556,0.45973068231257364
0.21000205619303397,0.2590356176116475,0.4690376738046815
0.1310924438364644,0.3042995468008184,0.4353919906372828
0.18190705015962905,0.2831808588540717,0.46508790901370073
0.1378606659745965,0.2976506960119854,0.4355113619865819
0.1538945005360281,0.3215792785844187,0.4754737791204468
0.18540238814651505,0.2797370945830231,0.46513948272953815
0.14859247386408064,0.3102111812375339,0.4588036551016145
0.164902522860993,0.302366829927843,0.46726935278883597
0.1229588804609606,0.3118755019085809,0.4348343823695415
0.141894473642525,0.28510511364572966,0.42699958728825466
0.1641371843056295,0.3079897758366404,0.4721269601422699
0.18892669723099603,0.28231668028516804,0.4712433775161641
0.16339838545191404,0.2749119705406898,0.4383103559926038
0.1840760445047066,0.2685694816413135,0.4526455261460201
0.1293868649111955,0.29847705098234506,0.42786391589354056
0.11863720888487378,0.31282499796228835,0.43146220684716213
0.13398623392338643,0.2855733707414553,0.4195596046648417
0.14722913904224605,0.28480385000620406,0.4320329890484501
